-- phpMyAdmin SQL Dump
-- version 4.9.2
-- https://www.phpmyadmin.net/
--
-- Hôte : 127.0.0.1:3306
-- Généré le :  mar. 29 sep. 2020 à 14:53
-- Version du serveur :  10.4.10-MariaDB
-- Version de PHP :  7.3.12

SET SQL_MODE = "NO_AUTO_VALUE_ON_ZERO";
SET AUTOCOMMIT = 0;
START TRANSACTION;
SET time_zone = "+00:00";


/*!40101 SET @OLD_CHARACTER_SET_CLIENT=@@CHARACTER_SET_CLIENT */;
/*!40101 SET @OLD_CHARACTER_SET_RESULTS=@@CHARACTER_SET_RESULTS */;
/*!40101 SET @OLD_COLLATION_CONNECTION=@@COLLATION_CONNECTION */;
/*!40101 SET NAMES utf8mb4 */;

--
-- Base de données :  `restaurant`
--
CREATE DATABASE IF NOT EXISTS `restaurant` DEFAULT CHARACTER SET utf8 COLLATE utf8_general_ci;
USE `restaurant`;

-- --------------------------------------------------------

--
-- Structure de la table `acheter`
--

DROP TABLE IF EXISTS `acheter`;
CREATE TABLE IF NOT EXISTS `acheter` (
  `num_cli` int(11) DEFAULT NULL,
  `num_produit` int(11) DEFAULT NULL,
  `quantite` int(11) DEFAULT NULL
) ENGINE=MyISAM DEFAULT CHARSET=utf8;

--
-- Déchargement des données de la table `acheter`
--

INSERT INTO `acheter` (`num_cli`, `num_produit`, `quantite`) VALUES
(1, 1, 81),
(1, 2, 77),
(1, 3, 93),
(1, 4, 6),
(1, 5, 83),
(1, 6, 23),
(1, 7, 28),
(1, 8, 6),
(1, 9, 91),
(1, 10, 99),
(1, 11, 27),
(1, 12, 54),
(1, 13, 35),
(1, 14, 22),
(1, 15, 21),
(1, 16, 13),
(1, 17, 61),
(1, 18, 59),
(1, 19, 86),
(1, 20, 9),
(1, 21, 21),
(1, 22, 64),
(1, 23, 47),
(1, 24, 29),
(1, 25, 84),
(1, 66, 39),
(1, 67, 97),
(1, 68, 51),
(1, 69, 99),
(1, 70, 45),
(1, 71, 78),
(1, 72, 31),
(1, 73, 8),
(1, 74, 88),
(1, 75, 58),
(1, 76, 87),
(2, 1, 81),
(2, 2, 61),
(2, 3, 36),
(2, 4, 59),
(2, 5, 67),
(2, 6, 59),
(2, 7, 6),
(2, 8, 85),
(2, 9, 6),
(2, 10, 16),
(2, 11, 32),
(2, 75, 40),
(2, 76, 80),
(3, 33, 86),
(3, 34, 6),
(3, 35, 90),
(3, 36, 24),
(3, 37, 6),
(3, 38, 79),
(3, 39, 4),
(3, 40, 14),
(3, 41, 67),
(3, 42, 27),
(3, 43, 85),
(3, 44, 22),
(3, 45, 23),
(3, 46, 51),
(3, 47, 62),
(3, 48, 61),
(3, 49, 11),
(3, 50, 95),
(5, 27, 4),
(5, 28, 90),
(5, 29, 50),
(5, 30, 41),
(5, 31, 94),
(5, 32, 26),
(5, 33, 56),
(5, 34, 5),
(5, 35, 82),
(5, 36, 47),
(5, 37, 55),
(5, 38, 38),
(5, 39, 15),
(5, 40, 74),
(5, 41, 23),
(5, 42, 22),
(6, 33, 75),
(6, 34, 12),
(6, 35, 44),
(6, 36, 83),
(6, 37, 58),
(6, 38, 77),
(6, 39, 30),
(6, 40, 8),
(6, 41, 63),
(6, 42, 51),
(6, 43, 69),
(6, 44, 36),
(6, 45, 64),
(8, 69, 37),
(8, 70, 82),
(8, 71, 17),
(8, 72, 50),
(8, 73, 4),
(8, 74, 75),
(8, 75, 85),
(10, 33, 52),
(10, 34, 1),
(10, 35, 67),
(10, 36, 98),
(10, 37, 10),
(10, 38, 79),
(10, 39, 5),
(10, 40, 97),
(10, 41, 100),
(10, 42, 69),
(10, 43, 69),
(10, 44, 18),
(12, 1, 16),
(12, 2, 27),
(12, 3, 4),
(12, 4, 33),
(12, 74, 70),
(12, 75, 89),
(12, 76, 13),
(13, 19, 71),
(13, 20, 84),
(13, 21, 9),
(13, 22, 82),
(13, 23, 82),
(13, 24, 21),
(13, 25, 11),
(13, 26, 63),
(13, 27, 8),
(13, 28, 63),
(13, 29, 47),
(13, 30, 95),
(13, 31, 20),
(13, 32, 30),
(13, 33, 61),
(13, 34, 25),
(13, 35, 32),
(13, 36, 10),
(13, 37, 1),
(13, 38, 96),
(13, 39, 74),
(13, 40, 43),
(13, 41, 46),
(13, 42, 47),
(13, 43, 86),
(13, 44, 42),
(13, 45, 71),
(13, 46, 38),
(13, 47, 39),
(13, 48, 24),
(13, 49, 23),
(13, 50, 7),
(13, 51, 80),
(13, 52, 83),
(13, 53, 34),
(13, 54, 42),
(13, 55, 100),
(14, 38, 84),
(14, 39, 34),
(14, 40, 16),
(14, 41, 91),
(14, 42, 52),
(14, 43, 79),
(14, 44, 62),
(14, 45, 35),
(14, 46, 97),
(14, 47, 38),
(14, 48, 31),
(14, 49, 22),
(14, 50, 78),
(14, 51, 90),
(14, 52, 12),
(14, 53, 91),
(14, 54, 63),
(14, 55, 90),
(14, 56, 76),
(14, 57, 33),
(14, 58, 54),
(14, 59, 83),
(14, 60, 16),
(14, 61, 80),
(14, 62, 43),
(14, 63, 55),
(14, 64, 8),
(14, 65, 6),
(15, 1, 96),
(15, 2, 13),
(15, 3, 39),
(15, 4, 50),
(15, 5, 91),
(15, 6, 17),
(15, 7, 83),
(15, 8, 66),
(15, 9, 23),
(15, 10, 5),
(15, 11, 92),
(15, 12, 50),
(15, 13, 68),
(15, 14, 7),
(15, 15, 2),
(15, 16, 96),
(15, 17, 21),
(15, 18, 90),
(15, 19, 45),
(15, 20, 17),
(15, 21, 29),
(15, 22, 76),
(15, 23, 86),
(15, 24, 26),
(15, 25, 35),
(15, 26, 87),
(15, 27, 86),
(15, 28, 42),
(15, 29, 60),
(15, 30, 19),
(15, 31, 95),
(15, 32, 26),
(15, 75, 2),
(15, 76, 66),
(17, 25, 61),
(19, 49, 75),
(19, 50, 72),
(19, 51, 19),
(19, 52, 6),
(19, 53, 25),
(19, 54, 20),
(19, 55, 98),
(19, 56, 18),
(19, 57, 66),
(19, 58, 91),
(19, 59, 28),
(19, 60, 26),
(19, 61, 78),
(19, 62, 76),
(19, 63, 39),
(19, 64, 16),
(20, 10, 28),
(20, 11, 86),
(20, 12, 67),
(20, 13, 47),
(20, 14, 57),
(20, 15, 24),
(20, 16, 2),
(20, 17, 26),
(20, 18, 96),
(20, 19, 6),
(20, 20, 86),
(20, 21, 9),
(20, 22, 73),
(20, 23, 27),
(20, 24, 92),
(20, 25, 6),
(20, 26, 60),
(20, 27, 50),
(20, 28, 88),
(20, 29, 45),
(20, 30, 84),
(20, 31, 83),
(20, 32, 8),
(21, 39, 80),
(21, 40, 44),
(21, 41, 98),
(21, 42, 15),
(21, 43, 68),
(21, 44, 70),
(21, 45, 74),
(21, 46, 50),
(21, 47, 99),
(21, 48, 86),
(21, 49, 18),
(21, 50, 67),
(21, 51, 28),
(21, 52, 88),
(21, 53, 74),
(21, 54, 40),
(21, 55, 10),
(21, 56, 62),
(21, 57, 11),
(21, 58, 68),
(21, 59, 31),
(21, 60, 9),
(21, 61, 64),
(21, 62, 55),
(22, 1, 59),
(22, 2, 78),
(22, 3, 33),
(22, 4, 27),
(22, 5, 87),
(22, 6, 26),
(22, 7, 16),
(22, 8, 17),
(22, 9, 25),
(22, 10, 18),
(22, 11, 53),
(22, 64, 94),
(22, 65, 22),
(22, 66, 15),
(22, 67, 72),
(22, 68, 82),
(22, 69, 33),
(22, 70, 85),
(22, 71, 78),
(22, 72, 39),
(22, 73, 59),
(22, 74, 38),
(22, 75, 53),
(22, 76, 48),
(23, 30, 30),
(23, 31, 68),
(23, 32, 24),
(23, 33, 70),
(23, 34, 33),
(23, 35, 5),
(23, 36, 95),
(23, 37, 28),
(23, 38, 68),
(23, 39, 100),
(23, 40, 38),
(23, 41, 37),
(23, 42, 46),
(23, 43, 72),
(23, 44, 26),
(23, 45, 88),
(23, 46, 79),
(23, 47, 47),
(23, 48, 13),
(23, 49, 20),
(23, 50, 25),
(23, 51, 100),
(23, 52, 2),
(23, 53, 33),
(23, 54, 72),
(23, 55, 29),
(23, 56, 32),
(23, 57, 15),
(23, 58, 33),
(23, 59, 48),
(23, 60, 93),
(23, 61, 4),
(23, 62, 77),
(23, 63, 8),
(23, 64, 63),
(23, 65, 69),
(23, 66, 78),
(23, 67, 41),
(23, 68, 76),
(24, 1, 88),
(24, 2, 17),
(24, 72, 33),
(24, 73, 7),
(24, 74, 30),
(24, 75, 65),
(24, 76, 17),
(26, 1, 17),
(26, 2, 67),
(26, 3, 99),
(26, 4, 78),
(26, 5, 57),
(26, 6, 39),
(26, 7, 28),
(26, 8, 77),
(26, 9, 24),
(26, 10, 70),
(26, 11, 61),
(26, 12, 19),
(26, 71, 47),
(26, 72, 99),
(26, 73, 44),
(26, 74, 77),
(26, 75, 72),
(26, 76, 21),
(27, 1, 37),
(27, 2, 55),
(27, 3, 64),
(27, 4, 66),
(27, 5, 16),
(27, 6, 69),
(27, 7, 95),
(27, 8, 78),
(27, 9, 95),
(27, 10, 15),
(27, 11, 31),
(27, 12, 73),
(27, 13, 26),
(27, 14, 96),
(27, 15, 96),
(27, 16, 85),
(27, 17, 91),
(27, 18, 19),
(27, 19, 93),
(27, 20, 12),
(27, 21, 80),
(27, 22, 73),
(27, 23, 94),
(27, 24, 46),
(27, 25, 91),
(27, 63, 67),
(27, 64, 7),
(27, 65, 47),
(27, 66, 10),
(27, 67, 66),
(27, 68, 78),
(27, 69, 46),
(27, 70, 1),
(27, 71, 54),
(27, 72, 62),
(27, 73, 87),
(27, 74, 32),
(27, 75, 29),
(27, 76, 62),
(29, 38, 38),
(29, 39, 60),
(29, 40, 4),
(29, 41, 35),
(29, 42, 73),
(29, 43, 8),
(29, 44, 24),
(30, 64, 21),
(30, 65, 78),
(30, 66, 98),
(31, 37, 69),
(31, 38, 28),
(31, 39, 9),
(31, 40, 34),
(31, 41, 25),
(31, 42, 44),
(31, 43, 34),
(31, 44, 65),
(31, 45, 43),
(31, 46, 85),
(31, 47, 47),
(31, 48, 45),
(31, 49, 63),
(31, 50, 68),
(31, 51, 100),
(31, 52, 4),
(31, 53, 55),
(31, 54, 6),
(31, 55, 62),
(31, 56, 17),
(31, 57, 50),
(31, 58, 45),
(31, 59, 99),
(31, 60, 60),
(31, 61, 76),
(31, 62, 29),
(31, 63, 90),
(31, 64, 85),
(31, 65, 33),
(31, 66, 87),
(31, 67, 52),
(31, 68, 21),
(32, 38, 99),
(32, 39, 3),
(32, 40, 98),
(32, 41, 85),
(32, 42, 29),
(32, 43, 21),
(32, 44, 45),
(32, 45, 69),
(32, 46, 29),
(32, 47, 97),
(32, 48, 19),
(32, 49, 66),
(32, 50, 5),
(32, 51, 88),
(32, 52, 6),
(32, 53, 49),
(32, 54, 48),
(32, 55, 11),
(32, 56, 10),
(32, 57, 37),
(32, 58, 6),
(32, 59, 97),
(32, 60, 100),
(32, 61, 58),
(32, 62, 1),
(32, 63, 62),
(32, 64, 75),
(32, 65, 39),
(32, 66, 57),
(32, 67, 17),
(32, 68, 67),
(32, 69, 22),
(32, 70, 60),
(32, 71, 86),
(32, 72, 56),
(32, 73, 97),
(33, 48, 14),
(33, 49, 74),
(33, 50, 72),
(33, 51, 88),
(33, 52, 82),
(33, 53, 67),
(33, 54, 28),
(33, 55, 46),
(33, 56, 60),
(33, 57, 8),
(33, 58, 12),
(33, 59, 95),
(33, 60, 26),
(33, 61, 88),
(33, 62, 58),
(34, 66, 22),
(34, 67, 31),
(34, 68, 5),
(34, 69, 45),
(34, 70, 33),
(34, 71, 63),
(34, 72, 38),
(34, 73, 94),
(35, 5, 35),
(35, 6, 39),
(35, 7, 58),
(35, 8, 25),
(35, 9, 94),
(35, 10, 42),
(35, 11, 29),
(35, 12, 93),
(35, 13, 71),
(35, 14, 94),
(35, 15, 49),
(35, 16, 33),
(35, 17, 81),
(35, 18, 7),
(35, 19, 10),
(35, 20, 71),
(35, 21, 22),
(35, 22, 37),
(35, 23, 77),
(35, 24, 22),
(35, 25, 34),
(35, 26, 28),
(35, 27, 49),
(35, 28, 97),
(35, 29, 67),
(35, 30, 84),
(35, 31, 47),
(35, 32, 33),
(35, 33, 87),
(35, 34, 60),
(36, 42, 3),
(36, 43, 88),
(36, 44, 45),
(36, 45, 57),
(36, 46, 17),
(36, 47, 19),
(36, 48, 61),
(36, 49, 7),
(36, 50, 100),
(36, 51, 94),
(36, 52, 89),
(36, 53, 86),
(36, 54, 95),
(36, 55, 39),
(40, 30, 46),
(40, 31, 85),
(40, 32, 83),
(40, 33, 63),
(40, 34, 42),
(40, 35, 14),
(40, 36, 67),
(40, 37, 14),
(40, 38, 1),
(40, 39, 31),
(40, 40, 59),
(40, 41, 35),
(40, 42, 68),
(40, 43, 55),
(40, 44, 29),
(40, 45, 22),
(40, 46, 44),
(40, 47, 44),
(40, 48, 37),
(40, 49, 99),
(40, 50, 34),
(40, 51, 37),
(40, 52, 98),
(40, 53, 30),
(40, 54, 27),
(40, 55, 24),
(40, 56, 67),
(40, 57, 53),
(40, 58, 94),
(40, 59, 46),
(40, 60, 59),
(40, 61, 32),
(40, 62, 18),
(40, 63, 9),
(41, 36, 46),
(41, 37, 35),
(41, 38, 5),
(41, 39, 97),
(41, 40, 60),
(41, 41, 28),
(41, 42, 47),
(41, 43, 34),
(41, 44, 85),
(41, 45, 71),
(41, 46, 89),
(41, 47, 21),
(41, 48, 12),
(41, 49, 47),
(41, 50, 13),
(41, 51, 16),
(41, 52, 50),
(41, 53, 84),
(41, 54, 69),
(41, 55, 78),
(41, 56, 6),
(41, 57, 24),
(41, 58, 60),
(41, 59, 99),
(41, 60, 79),
(41, 61, 18),
(41, 62, 61),
(41, 63, 66),
(41, 64, 93),
(41, 65, 51),
(41, 66, 53),
(41, 67, 39),
(41, 68, 49),
(42, 1, 69),
(42, 2, 58),
(42, 3, 39),
(42, 4, 50),
(42, 5, 75),
(42, 6, 68),
(42, 7, 53),
(42, 8, 1),
(42, 9, 65),
(42, 10, 89),
(42, 11, 34),
(42, 12, 46),
(42, 13, 91),
(42, 14, 53),
(42, 15, 47),
(42, 16, 19),
(42, 17, 57),
(42, 18, 24),
(42, 19, 52),
(42, 20, 75),
(42, 21, 6),
(42, 22, 56),
(42, 23, 45),
(42, 24, 52),
(42, 25, 26),
(42, 69, 63),
(42, 70, 97),
(42, 71, 15),
(42, 72, 90),
(42, 73, 95),
(42, 74, 39),
(42, 75, 98),
(42, 76, 41),
(43, 26, 64),
(43, 27, 84),
(43, 28, 34),
(43, 29, 26),
(43, 30, 13),
(43, 31, 81),
(43, 32, 36),
(43, 33, 58),
(43, 34, 26),
(43, 35, 40),
(43, 36, 89),
(43, 37, 33),
(43, 38, 23),
(43, 39, 9),
(43, 40, 31),
(43, 41, 95),
(43, 42, 4),
(43, 43, 93),
(43, 44, 20),
(43, 45, 23),
(43, 46, 62),
(43, 47, 20),
(43, 48, 63),
(43, 49, 51),
(43, 50, 25),
(43, 51, 12),
(44, 12, 17),
(44, 13, 3),
(44, 14, 18),
(44, 15, 23),
(44, 16, 49),
(44, 17, 66),
(44, 18, 74),
(44, 19, 47),
(44, 20, 33),
(44, 21, 74),
(44, 22, 100),
(44, 23, 47),
(44, 24, 20),
(44, 25, 78),
(44, 26, 19),
(44, 27, 16),
(44, 28, 63),
(44, 29, 23),
(44, 30, 84),
(44, 31, 48),
(44, 32, 11),
(44, 33, 72),
(44, 34, 83),
(44, 35, 36),
(44, 36, 17),
(44, 37, 70),
(44, 38, 65),
(44, 39, 90),
(45, 18, 90),
(45, 19, 84),
(45, 20, 14),
(45, 21, 9),
(45, 22, 9),
(45, 23, 25),
(45, 24, 23),
(45, 25, 8),
(45, 26, 60),
(45, 27, 50),
(45, 28, 30),
(45, 29, 61),
(45, 30, 2),
(45, 31, 46),
(45, 32, 9),
(45, 33, 54),
(45, 34, 59),
(45, 35, 92),
(45, 36, 49),
(45, 37, 25),
(45, 38, 100),
(45, 39, 34),
(45, 40, 46),
(45, 41, 93),
(45, 42, 45),
(45, 43, 77),
(45, 44, 13),
(45, 45, 24),
(45, 46, 81),
(45, 47, 9),
(45, 48, 23),
(45, 49, 5),
(45, 50, 24),
(46, 54, 60),
(46, 55, 90),
(46, 56, 80),
(46, 57, 63),
(46, 58, 74),
(46, 59, 98),
(46, 60, 27),
(46, 61, 32),
(46, 62, 60),
(46, 63, 96),
(46, 64, 95),
(46, 65, 72),
(46, 66, 34),
(46, 67, 12),
(46, 68, 51),
(46, 69, 9),
(47, 26, 92),
(47, 27, 86),
(47, 28, 22),
(47, 29, 8),
(47, 30, 37),
(47, 31, 77),
(47, 32, 97),
(47, 33, 65),
(47, 34, 48),
(47, 35, 27),
(47, 36, 24),
(47, 37, 73),
(48, 13, 71),
(48, 14, 15),
(48, 15, 28),
(48, 16, 49),
(48, 17, 31),
(48, 18, 89),
(48, 19, 68),
(48, 20, 66),
(48, 21, 86),
(48, 22, 34),
(48, 23, 35),
(48, 24, 87),
(48, 25, 83),
(48, 26, 83),
(48, 27, 85),
(48, 28, 72),
(48, 29, 51),
(48, 30, 39),
(48, 31, 65),
(48, 32, 11),
(48, 33, 24),
(48, 34, 78),
(48, 35, 7),
(48, 36, 38),
(48, 37, 4),
(48, 38, 71),
(48, 39, 49),
(48, 40, 72),
(48, 41, 45),
(48, 42, 41),
(49, 1, 67),
(49, 2, 92),
(49, 3, 97),
(49, 4, 64),
(49, 5, 55),
(49, 6, 76),
(49, 7, 24),
(49, 8, 62),
(49, 9, 50),
(49, 10, 52),
(49, 11, 37),
(49, 12, 34),
(49, 13, 30),
(49, 14, 45),
(49, 15, 84),
(49, 60, 58),
(49, 61, 38),
(49, 62, 9),
(49, 63, 57),
(49, 64, 44),
(49, 65, 37),
(49, 66, 64),
(49, 67, 61),
(49, 68, 54),
(49, 69, 70),
(49, 70, 7),
(49, 71, 32),
(49, 72, 68),
(49, 73, 73),
(49, 74, 84),
(49, 75, 64),
(49, 76, 7),
(50, 8, 66),
(50, 9, 66),
(50, 10, 79),
(50, 11, 45),
(50, 12, 5),
(50, 13, 45),
(50, 14, 80),
(50, 15, 57),
(50, 16, 51),
(50, 17, 85),
(50, 18, 52),
(50, 19, 87),
(50, 20, 38),
(50, 21, 16),
(50, 22, 12),
(51, 10, 24),
(51, 11, 9),
(51, 12, 44),
(51, 13, 37),
(51, 14, 64),
(51, 15, 85),
(51, 16, 58),
(51, 17, 97),
(51, 18, 98),
(51, 19, 56),
(51, 20, 45),
(51, 21, 61),
(51, 22, 63),
(51, 23, 23),
(51, 24, 86),
(51, 25, 38),
(51, 26, 55),
(51, 27, 1),
(51, 28, 15),
(51, 29, 82),
(51, 30, 46),
(51, 31, 79),
(51, 32, 48),
(51, 33, 8),
(51, 34, 24),
(51, 35, 3),
(51, 36, 27),
(51, 37, 38),
(51, 38, 54),
(52, 5, 70),
(52, 6, 69),
(52, 7, 25),
(52, 8, 47),
(52, 9, 78),
(52, 10, 84),
(52, 11, 90),
(52, 12, 46),
(52, 13, 26),
(52, 14, 35),
(52, 15, 77),
(52, 16, 86),
(52, 17, 18),
(52, 18, 42),
(52, 19, 32),
(52, 20, 18),
(52, 21, 66),
(52, 22, 1),
(52, 23, 76),
(52, 24, 52),
(52, 25, 86),
(52, 26, 93),
(52, 27, 68),
(52, 28, 96),
(52, 29, 19),
(52, 30, 28),
(52, 31, 86),
(52, 32, 97),
(52, 33, 75),
(52, 34, 7),
(52, 35, 34),
(52, 36, 24),
(52, 37, 4),
(52, 38, 10),
(54, 1, 2),
(54, 2, 82),
(54, 3, 78),
(54, 4, 54),
(54, 5, 26),
(54, 6, 28),
(54, 52, 91),
(54, 53, 14),
(54, 54, 92),
(54, 55, 67),
(54, 56, 79),
(54, 57, 25),
(54, 58, 63),
(54, 59, 59),
(54, 60, 7),
(54, 61, 50),
(54, 62, 79),
(54, 63, 59),
(54, 64, 90),
(54, 65, 82),
(54, 66, 70),
(54, 67, 58),
(54, 68, 7),
(54, 69, 12),
(54, 70, 62),
(54, 71, 54),
(54, 72, 23),
(54, 73, 74),
(54, 74, 67),
(54, 75, 99),
(54, 76, 39),
(55, 51, 81),
(55, 52, 6),
(55, 53, 76),
(55, 54, 96),
(57, 1, 37),
(57, 2, 21),
(57, 3, 69),
(57, 61, 66),
(57, 62, 19),
(57, 63, 16),
(57, 64, 81),
(57, 65, 63),
(57, 66, 51),
(57, 67, 77),
(57, 68, 47),
(57, 69, 37),
(57, 70, 35),
(57, 71, 34),
(57, 72, 77),
(57, 73, 76),
(57, 74, 63),
(57, 75, 41),
(57, 76, 10),
(58, 16, 62),
(58, 17, 95),
(58, 18, 48),
(58, 19, 76),
(58, 20, 96),
(58, 21, 13),
(58, 22, 50),
(58, 23, 24),
(58, 24, 18),
(58, 25, 78),
(58, 26, 92),
(58, 27, 11),
(58, 28, 44),
(58, 29, 66),
(58, 30, 52),
(58, 31, 83),
(58, 32, 90),
(59, 1, 66),
(59, 2, 86),
(59, 3, 97),
(59, 4, 65),
(59, 5, 95),
(59, 6, 73),
(59, 57, 91),
(59, 58, 62),
(59, 59, 85),
(59, 60, 27),
(59, 61, 14),
(59, 62, 78),
(59, 63, 6),
(59, 64, 82),
(59, 65, 13),
(59, 66, 12),
(59, 67, 35),
(59, 68, 28),
(59, 69, 6),
(59, 70, 67),
(59, 71, 94),
(59, 72, 100),
(59, 73, 69),
(59, 74, 69),
(59, 75, 39),
(59, 76, 37),
(60, 7, 72),
(60, 8, 48),
(60, 9, 20),
(60, 10, 18),
(60, 11, 24),
(60, 12, 78),
(60, 13, 93),
(60, 14, 30),
(60, 15, 22),
(60, 16, 9),
(60, 17, 49),
(60, 18, 49),
(61, 2, 28),
(61, 3, 59),
(61, 4, 87),
(61, 5, 12),
(61, 6, 2),
(61, 7, 50),
(61, 8, 92),
(61, 9, 76),
(61, 10, 87),
(61, 11, 83),
(61, 12, 53),
(61, 13, 40),
(61, 14, 83),
(63, 18, 97),
(63, 19, 34),
(63, 20, 67),
(63, 21, 82),
(63, 22, 64),
(63, 23, 25),
(63, 24, 42),
(63, 25, 38),
(63, 26, 74),
(63, 27, 88),
(63, 28, 99),
(63, 29, 53),
(63, 30, 96),
(63, 31, 46),
(63, 32, 76),
(63, 33, 95),
(63, 34, 82),
(63, 35, 76),
(63, 36, 48),
(63, 37, 16),
(63, 38, 36),
(63, 39, 98),
(63, 40, 65),
(63, 41, 49),
(63, 42, 9),
(63, 43, 85),
(63, 44, 5),
(64, 16, 12),
(64, 17, 60),
(64, 18, 98),
(64, 19, 6),
(64, 20, 8),
(64, 21, 41),
(64, 22, 68),
(64, 23, 81),
(64, 24, 55),
(64, 25, 13),
(64, 26, 37),
(64, 27, 41),
(64, 28, 96),
(64, 29, 52),
(64, 30, 60),
(64, 31, 81),
(65, 21, 7),
(65, 22, 43),
(65, 23, 8),
(65, 24, 11),
(65, 25, 46),
(65, 26, 79),
(65, 27, 58),
(65, 28, 8),
(65, 29, 42),
(65, 30, 57),
(65, 31, 62),
(65, 32, 18),
(65, 33, 80),
(65, 34, 70),
(65, 35, 63),
(65, 36, 12),
(65, 37, 22),
(65, 38, 91),
(65, 39, 80),
(65, 40, 48),
(65, 41, 82),
(65, 42, 37),
(65, 43, 90),
(65, 44, 96),
(65, 45, 25),
(65, 46, 68),
(65, 47, 47),
(65, 48, 4),
(65, 49, 95),
(65, 50, 4),
(65, 51, 19),
(66, 1, 47),
(66, 2, 68),
(66, 3, 69),
(66, 4, 13),
(66, 5, 6),
(66, 53, 74),
(66, 54, 52),
(66, 55, 65),
(66, 56, 32),
(66, 57, 84),
(66, 58, 62),
(66, 59, 47),
(66, 60, 74),
(66, 61, 11),
(66, 62, 44),
(66, 63, 37),
(66, 64, 25),
(66, 65, 27),
(66, 66, 15),
(66, 67, 88),
(66, 68, 100),
(66, 69, 42),
(66, 70, 78),
(66, 71, 2),
(66, 72, 78),
(66, 73, 74),
(66, 74, 7),
(66, 75, 57),
(66, 76, 3),
(67, 54, 87),
(67, 55, 68),
(67, 56, 36),
(67, 57, 24),
(67, 58, 26),
(67, 59, 89),
(67, 60, 87),
(67, 61, 47),
(67, 62, 50),
(67, 63, 62),
(67, 64, 60),
(67, 65, 78),
(67, 66, 29),
(67, 67, 33),
(67, 68, 45),
(67, 69, 54),
(67, 70, 33),
(67, 71, 50),
(67, 72, 29),
(67, 73, 20),
(68, 25, 85),
(68, 26, 62),
(68, 27, 76),
(71, 1, 12),
(71, 2, 73),
(71, 3, 71),
(71, 4, 100),
(71, 5, 39),
(71, 6, 57),
(71, 7, 45),
(71, 8, 28),
(71, 9, 32),
(71, 10, 75),
(71, 11, 25),
(71, 12, 6),
(71, 13, 62),
(71, 14, 17),
(71, 15, 25),
(71, 16, 54),
(71, 66, 65),
(71, 67, 66),
(71, 68, 26),
(71, 69, 49),
(71, 70, 94),
(71, 71, 62),
(71, 72, 13),
(71, 73, 87),
(71, 74, 5),
(71, 75, 80),
(71, 76, 36),
(72, 58, 46),
(73, 25, 6),
(73, 26, 8),
(73, 27, 6),
(73, 28, 93),
(73, 29, 5),
(73, 30, 98),
(73, 31, 2),
(73, 32, 34),
(73, 33, 22),
(76, 50, 14),
(76, 51, 91),
(76, 52, 41),
(76, 53, 17),
(76, 54, 9),
(76, 55, 89),
(76, 56, 25),
(76, 57, 54),
(76, 58, 54),
(76, 59, 17),
(76, 60, 80),
(76, 61, 100),
(76, 62, 6),
(76, 63, 9),
(76, 64, 83),
(76, 65, 78),
(76, 66, 34),
(76, 67, 65),
(76, 68, 17),
(76, 69, 99),
(77, 7, 91),
(77, 8, 87),
(77, 9, 61),
(77, 10, 70),
(77, 11, 97),
(77, 12, 24),
(77, 13, 6),
(77, 14, 92),
(77, 15, 85),
(77, 16, 19),
(77, 17, 72),
(77, 18, 67),
(77, 19, 63),
(77, 20, 3),
(78, 1, 36),
(78, 2, 45),
(78, 3, 62),
(78, 4, 94),
(78, 5, 91),
(78, 6, 90),
(78, 7, 16),
(78, 8, 88),
(78, 9, 69),
(78, 10, 9),
(78, 11, 31),
(78, 12, 53),
(78, 13, 64),
(78, 14, 71),
(78, 15, 30),
(78, 16, 30),
(78, 17, 42),
(78, 18, 36),
(78, 19, 64),
(78, 20, 66),
(78, 21, 40),
(78, 22, 48),
(78, 23, 32),
(78, 24, 76),
(78, 25, 94),
(78, 26, 57),
(78, 27, 13),
(78, 28, 26),
(78, 29, 88),
(78, 30, 66),
(78, 31, 47),
(78, 69, 24),
(78, 70, 50),
(78, 71, 88),
(78, 72, 46),
(78, 73, 100),
(78, 74, 23),
(78, 75, 88),
(78, 76, 11),
(79, 27, 96),
(79, 28, 63),
(79, 29, 29),
(79, 30, 72),
(79, 31, 86),
(79, 32, 10),
(79, 33, 59),
(79, 34, 94),
(79, 35, 12),
(79, 36, 81),
(79, 37, 22),
(79, 38, 100),
(79, 39, 32),
(79, 40, 34),
(79, 41, 52),
(79, 42, 72),
(80, 52, 54),
(80, 53, 76),
(80, 54, 42),
(80, 55, 42),
(80, 56, 62),
(80, 57, 88),
(80, 58, 17),
(80, 59, 7),
(80, 60, 25),
(80, 61, 48),
(80, 62, 19),
(80, 63, 78),
(80, 64, 9),
(80, 65, 34),
(80, 66, 72),
(80, 67, 15),
(80, 68, 36),
(80, 69, 63),
(80, 70, 78),
(80, 71, 43),
(80, 72, 39),
(80, 73, 20),
(80, 74, 38),
(81, 32, 9),
(81, 33, 99),
(81, 34, 46),
(81, 35, 74),
(81, 36, 29),
(81, 37, 22),
(81, 38, 62),
(81, 39, 97),
(81, 40, 73),
(81, 41, 78),
(81, 42, 55),
(81, 43, 64),
(81, 44, 60),
(81, 45, 69),
(81, 46, 49),
(81, 47, 7),
(81, 48, 83),
(81, 49, 73),
(81, 50, 43),
(81, 51, 36),
(81, 52, 87),
(81, 53, 13),
(81, 54, 96),
(81, 55, 81),
(81, 56, 67),
(81, 57, 55),
(81, 58, 43),
(81, 59, 42),
(81, 60, 1),
(81, 61, 27),
(81, 62, 34),
(81, 63, 78),
(81, 64, 95),
(81, 65, 62),
(81, 66, 96),
(81, 67, 10),
(82, 1, 84),
(82, 2, 88),
(82, 3, 19),
(82, 4, 92),
(82, 5, 95),
(82, 56, 25),
(82, 57, 59),
(82, 58, 34),
(82, 59, 45),
(82, 60, 99),
(82, 61, 98),
(82, 62, 62),
(82, 63, 54),
(82, 64, 16),
(82, 65, 38),
(82, 66, 96),
(82, 67, 18),
(82, 68, 59),
(82, 69, 36),
(82, 70, 46),
(82, 71, 60),
(82, 72, 84),
(82, 73, 28),
(82, 74, 87),
(82, 75, 9),
(82, 76, 38),
(84, 9, 10),
(84, 10, 78),
(84, 11, 35),
(84, 12, 51),
(84, 13, 34),
(84, 14, 8),
(84, 15, 64),
(84, 16, 34),
(84, 17, 2),
(84, 18, 78),
(84, 19, 48),
(84, 20, 13),
(84, 21, 86),
(84, 22, 84),
(84, 23, 90),
(84, 24, 45),
(84, 25, 53),
(84, 26, 25),
(84, 27, 64),
(84, 28, 53),
(84, 29, 58),
(84, 30, 44),
(84, 31, 27),
(84, 32, 30),
(84, 33, 57),
(86, 28, 55),
(86, 29, 44),
(86, 30, 60),
(86, 31, 8),
(86, 32, 39),
(86, 33, 17),
(86, 34, 91),
(86, 35, 90),
(86, 36, 95),
(86, 37, 67),
(86, 38, 7),
(86, 39, 64),
(86, 40, 35),
(86, 41, 93),
(86, 42, 22),
(86, 43, 71),
(86, 44, 87),
(86, 45, 38),
(86, 46, 9),
(86, 47, 67),
(86, 48, 45),
(86, 49, 55),
(86, 50, 17),
(86, 51, 95),
(86, 52, 34),
(86, 53, 96),
(86, 54, 94),
(86, 55, 88),
(86, 56, 9),
(86, 57, 27),
(86, 58, 50),
(86, 59, 98),
(86, 60, 77),
(87, 30, 42),
(87, 31, 34),
(87, 32, 45),
(87, 33, 67),
(87, 34, 85),
(87, 35, 47),
(87, 36, 4),
(87, 37, 24),
(87, 38, 38),
(87, 39, 39),
(87, 40, 100),
(87, 41, 43),
(87, 42, 84),
(87, 43, 16),
(87, 44, 49),
(87, 45, 81),
(87, 46, 32),
(87, 47, 8),
(87, 48, 91),
(87, 49, 30),
(87, 50, 92),
(87, 51, 42),
(87, 52, 75),
(87, 53, 44),
(87, 54, 76),
(87, 55, 37),
(87, 56, 77),
(88, 19, 23),
(88, 20, 36),
(89, 1, 36),
(89, 2, 34),
(89, 3, 97),
(89, 4, 78),
(89, 5, 91),
(89, 6, 76),
(89, 7, 66),
(89, 8, 5),
(89, 9, 36),
(89, 10, 96),
(89, 11, 71),
(89, 49, 88),
(89, 50, 22),
(89, 51, 20),
(89, 52, 72),
(89, 53, 47),
(89, 54, 21),
(89, 55, 23),
(89, 56, 89),
(89, 57, 38),
(89, 58, 50),
(89, 59, 59),
(89, 60, 40),
(89, 61, 40),
(89, 62, 99),
(89, 63, 65),
(89, 64, 88),
(89, 65, 25),
(89, 66, 91),
(89, 67, 77),
(89, 68, 7),
(89, 69, 18),
(89, 70, 74),
(89, 71, 59),
(89, 72, 91),
(89, 73, 3),
(89, 74, 34),
(89, 75, 60),
(89, 76, 73),
(90, 16, 72),
(90, 17, 84),
(90, 18, 92),
(90, 19, 1),
(90, 20, 64),
(90, 21, 25),
(90, 22, 36),
(90, 23, 86),
(93, 1, 33),
(93, 2, 35),
(93, 3, 78),
(93, 4, 94),
(93, 5, 34),
(93, 6, 94),
(93, 7, 39),
(93, 8, 23),
(93, 9, 29),
(93, 10, 82),
(93, 11, 83),
(93, 12, 93),
(93, 13, 41),
(93, 14, 8),
(93, 58, 95),
(93, 59, 4),
(93, 60, 71),
(93, 61, 5),
(93, 62, 39),
(93, 63, 100),
(93, 64, 28),
(93, 65, 33),
(93, 66, 93),
(93, 67, 55),
(93, 68, 36),
(93, 69, 8),
(93, 70, 87),
(93, 71, 34),
(93, 72, 36),
(93, 73, 21),
(93, 74, 36),
(93, 75, 54),
(93, 76, 9),
(94, 34, 49),
(94, 35, 22),
(94, 36, 16),
(94, 37, 85),
(94, 38, 39),
(94, 39, 39),
(94, 40, 22),
(94, 41, 22),
(94, 42, 95),
(94, 43, 95),
(94, 44, 7),
(94, 45, 30),
(94, 46, 1),
(94, 47, 18),
(94, 48, 42),
(94, 49, 37),
(95, 28, 1),
(95, 29, 43),
(95, 30, 25),
(95, 31, 98),
(95, 32, 95),
(95, 33, 55),
(95, 34, 41),
(95, 35, 27),
(95, 36, 6),
(95, 37, 51),
(95, 38, 89),
(95, 39, 99),
(95, 40, 65),
(95, 41, 72),
(95, 42, 54),
(95, 43, 42),
(95, 44, 44),
(95, 45, 35),
(95, 46, 94),
(95, 47, 64),
(95, 48, 76),
(95, 49, 69),
(95, 50, 23),
(95, 51, 3),
(95, 52, 2),
(95, 53, 85),
(95, 54, 20),
(95, 55, 6),
(95, 56, 40),
(95, 57, 59),
(97, 21, 81),
(97, 22, 49),
(97, 23, 73),
(97, 24, 57),
(97, 25, 8),
(97, 26, 37),
(97, 27, 27),
(97, 28, 75),
(97, 29, 45),
(97, 30, 85),
(97, 31, 34),
(97, 32, 21),
(97, 33, 21),
(97, 34, 32),
(97, 35, 87),
(97, 36, 4),
(97, 37, 73),
(97, 38, 4),
(97, 39, 13),
(97, 40, 21),
(97, 41, 59),
(97, 42, 55),
(97, 43, 58),
(97, 44, 17),
(98, 22, 96),
(98, 23, 52),
(98, 24, 90),
(98, 25, 51),
(100, 8, 7),
(100, 9, 40),
(100, 10, 93),
(100, 11, 26),
(100, 12, 21),
(100, 13, 47),
(100, 14, 52),
(100, 15, 29),
(100, 16, 91),
(100, 17, 22),
(100, 18, 93),
(100, 19, 28),
(100, 20, 49),
(100, 21, 2),
(100, 22, 14),
(100, 23, 10),
(100, 24, 94),
(100, 25, 22),
(100, 26, 13),
(100, 27, 64),
(100, 28, 11),
(100, 29, 59),
(100, 30, 66),
(101, 13, 92),
(101, 14, 42),
(101, 15, 8),
(101, 16, 31),
(101, 17, 94),
(101, 18, 30),
(101, 19, 90),
(101, 20, 71),
(101, 21, 43),
(101, 22, 100),
(101, 23, 56),
(101, 24, 73),
(101, 25, 64),
(101, 26, 83),
(101, 27, 92),
(102, 1, 17),
(102, 2, 7),
(102, 3, 45),
(102, 4, 73),
(102, 5, 59),
(102, 6, 12),
(102, 7, 68),
(102, 70, 81),
(102, 71, 73),
(102, 72, 89),
(102, 73, 61),
(102, 74, 1),
(102, 75, 63),
(102, 76, 99),
(104, 1, 76),
(104, 2, 29),
(104, 3, 5),
(104, 4, 64),
(104, 5, 46),
(104, 6, 68),
(104, 7, 63),
(104, 8, 86),
(105, 1, 5),
(105, 2, 65),
(105, 3, 85),
(105, 4, 67),
(105, 5, 67),
(106, 11, 8),
(106, 12, 82),
(106, 13, 86),
(106, 14, 12),
(106, 15, 67),
(106, 16, 76),
(106, 17, 16),
(106, 18, 13),
(106, 19, 17),
(107, 24, 61),
(107, 25, 14),
(107, 26, 4),
(107, 27, 84),
(107, 28, 12),
(107, 29, 67),
(107, 30, 52),
(107, 31, 39),
(107, 32, 69),
(107, 33, 48),
(107, 34, 74),
(107, 35, 98),
(107, 36, 41),
(107, 37, 14),
(107, 38, 58),
(107, 39, 30),
(107, 40, 23),
(107, 41, 58),
(107, 42, 78),
(107, 43, 40),
(107, 44, 7),
(107, 45, 87),
(107, 46, 69),
(107, 47, 57),
(107, 48, 13),
(107, 49, 25),
(107, 50, 18),
(107, 51, 48),
(107, 52, 46),
(107, 53, 35),
(107, 54, 89),
(107, 55, 57),
(107, 56, 80),
(107, 57, 76),
(107, 58, 63),
(108, 1, 33),
(108, 50, 75),
(108, 51, 13),
(108, 52, 99),
(108, 53, 65),
(108, 54, 34),
(108, 55, 94),
(108, 56, 7),
(108, 57, 5),
(108, 58, 48),
(108, 59, 72),
(108, 60, 35),
(108, 61, 64),
(108, 62, 67),
(108, 63, 58),
(108, 64, 74),
(108, 65, 77),
(108, 66, 63),
(108, 67, 89),
(108, 68, 50),
(108, 69, 71),
(108, 70, 39),
(108, 71, 15),
(108, 72, 41),
(108, 73, 21),
(108, 74, 50),
(108, 75, 24),
(108, 76, 12),
(110, 1, 57),
(110, 2, 88),
(110, 3, 59),
(110, 4, 72),
(110, 5, 98),
(110, 6, 99),
(110, 7, 53),
(110, 8, 38),
(110, 9, 90),
(110, 10, 84),
(110, 11, 45),
(110, 12, 50),
(110, 13, 13),
(110, 67, 84),
(110, 68, 54),
(110, 69, 7),
(110, 70, 27),
(110, 71, 21),
(110, 72, 100),
(110, 73, 28),
(110, 74, 15),
(110, 75, 40),
(110, 76, 20),
(113, 17, 54),
(113, 18, 15),
(113, 19, 31),
(113, 20, 75),
(113, 21, 88),
(113, 22, 63),
(113, 23, 67),
(113, 24, 58),
(113, 25, 92),
(113, 26, 16),
(113, 27, 37),
(113, 28, 82),
(113, 29, 40),
(113, 30, 33),
(113, 31, 26),
(113, 32, 27),
(113, 33, 100),
(113, 34, 93),
(113, 35, 47),
(113, 36, 81),
(113, 37, 14),
(113, 38, 53),
(113, 39, 91),
(114, 4, 19),
(114, 5, 94),
(115, 13, 50),
(115, 14, 34),
(115, 15, 21),
(115, 16, 61),
(115, 17, 85),
(115, 18, 52),
(115, 19, 25),
(115, 20, 8),
(116, 1, 53),
(116, 2, 18),
(116, 3, 95),
(116, 4, 62),
(116, 5, 10),
(116, 6, 89),
(116, 7, 78),
(116, 8, 54),
(116, 9, 37),
(116, 10, 24),
(116, 11, 56),
(116, 12, 97),
(116, 13, 5),
(116, 14, 60),
(116, 15, 49),
(116, 16, 36),
(116, 17, 53),
(116, 18, 39),
(116, 19, 65),
(116, 20, 57),
(116, 21, 12),
(116, 22, 26),
(116, 23, 38),
(116, 24, 61),
(116, 25, 55),
(116, 26, 56),
(116, 27, 94),
(116, 28, 77),
(116, 29, 76),
(116, 30, 5),
(116, 31, 39),
(116, 32, 96),
(116, 71, 19),
(116, 72, 94),
(116, 73, 55),
(116, 74, 83),
(116, 75, 62),
(116, 76, 50),
(117, 1, 26),
(117, 2, 60),
(117, 3, 83),
(117, 4, 57),
(117, 5, 50),
(117, 6, 94),
(117, 7, 95),
(117, 8, 11),
(117, 9, 49),
(117, 10, 46),
(117, 11, 13),
(117, 12, 57),
(117, 13, 34),
(117, 14, 43),
(117, 15, 90),
(117, 16, 43),
(117, 17, 49),
(117, 18, 9),
(117, 19, 87),
(117, 20, 93),
(117, 21, 98),
(117, 22, 85),
(117, 63, 73),
(117, 64, 21),
(117, 65, 61),
(117, 66, 55),
(117, 67, 28),
(117, 68, 60),
(117, 69, 51),
(117, 70, 89),
(117, 71, 37),
(117, 72, 26),
(117, 73, 100),
(117, 74, 22),
(117, 75, 16),
(117, 76, 74),
(118, 73, 99),
(118, 74, 76),
(118, 75, 75),
(118, 76, 10),
(119, 17, 96),
(119, 18, 97),
(119, 19, 71),
(119, 20, 90),
(119, 21, 2),
(119, 22, 79),
(119, 23, 50),
(119, 24, 96),
(119, 25, 72),
(119, 26, 24),
(119, 27, 78),
(119, 28, 54),
(119, 29, 2),
(119, 30, 49),
(119, 31, 80),
(119, 32, 39),
(119, 33, 94),
(119, 34, 57),
(119, 35, 31),
(119, 36, 89),
(119, 37, 67),
(119, 38, 93),
(119, 39, 75),
(119, 40, 20),
(120, 21, 85),
(121, 1, 68),
(121, 2, 69),
(121, 3, 91),
(121, 4, 17),
(121, 5, 50),
(121, 6, 37),
(121, 7, 68),
(121, 8, 75),
(121, 9, 47),
(121, 10, 65),
(121, 11, 46),
(121, 12, 71),
(121, 13, 91),
(121, 14, 68),
(121, 15, 69),
(121, 16, 33),
(121, 17, 28),
(121, 18, 3),
(121, 19, 40),
(121, 20, 12),
(121, 21, 41),
(121, 22, 37),
(121, 23, 46),
(121, 24, 2),
(121, 25, 81),
(121, 26, 21),
(121, 27, 11),
(121, 28, 82),
(121, 74, 63),
(121, 75, 32),
(121, 76, 99),
(122, 1, 75),
(122, 2, 95),
(122, 3, 10),
(122, 4, 56),
(122, 5, 90),
(122, 6, 34),
(122, 7, 57),
(122, 8, 46),
(122, 9, 54),
(122, 10, 69),
(122, 11, 100),
(122, 12, 1),
(122, 13, 56),
(122, 14, 86),
(123, 23, 54),
(123, 24, 66),
(123, 25, 72),
(124, 1, 31),
(124, 2, 49),
(124, 3, 23),
(124, 4, 64),
(124, 61, 70),
(124, 62, 37),
(124, 63, 41),
(124, 64, 62),
(124, 65, 69),
(124, 66, 27),
(124, 67, 41),
(124, 68, 81),
(124, 69, 82),
(124, 70, 11),
(124, 71, 41),
(124, 72, 39),
(124, 73, 50),
(124, 74, 99),
(124, 75, 25),
(124, 76, 71),
(125, 6, 97),
(125, 7, 11),
(125, 8, 92),
(125, 9, 77),
(125, 10, 51),
(125, 11, 87),
(125, 12, 78),
(125, 13, 2),
(126, 40, 53),
(126, 41, 83),
(126, 42, 19),
(126, 43, 78),
(126, 44, 63),
(126, 45, 16),
(126, 46, 54),
(126, 47, 97),
(126, 48, 67),
(126, 49, 58),
(126, 50, 98),
(126, 51, 79),
(126, 52, 4),
(126, 53, 15),
(126, 54, 40),
(126, 55, 37),
(126, 56, 98),
(126, 57, 55),
(126, 58, 83),
(126, 59, 50),
(126, 60, 68),
(126, 61, 48),
(126, 62, 19),
(127, 60, 35),
(127, 61, 46),
(127, 62, 22),
(127, 63, 10),
(127, 64, 98),
(127, 65, 95),
(128, 40, 6),
(128, 41, 89),
(128, 42, 47),
(128, 43, 26),
(128, 44, 28),
(128, 45, 26),
(128, 46, 62),
(128, 47, 27),
(128, 48, 3),
(128, 49, 86),
(128, 50, 47),
(128, 51, 99),
(128, 52, 35),
(128, 53, 68),
(128, 54, 91),
(128, 55, 26),
(128, 56, 3),
(128, 57, 41),
(128, 58, 64),
(128, 59, 54),
(128, 60, 100),
(128, 61, 32),
(128, 62, 68),
(128, 63, 36),
(128, 64, 98),
(130, 9, 2),
(130, 10, 37),
(130, 11, 29),
(130, 12, 11),
(130, 13, 57),
(130, 14, 36),
(130, 15, 65),
(130, 16, 21),
(130, 17, 96),
(130, 18, 39),
(130, 19, 21),
(130, 20, 81),
(130, 21, 54),
(131, 18, 96),
(131, 19, 75),
(131, 20, 37),
(131, 21, 74),
(131, 22, 36),
(131, 23, 6),
(131, 24, 22),
(131, 25, 14),
(131, 26, 61),
(131, 27, 19),
(131, 28, 42),
(131, 29, 2),
(131, 30, 77),
(131, 31, 55),
(131, 32, 5),
(131, 33, 23),
(131, 34, 9),
(131, 35, 96),
(131, 36, 97),
(131, 37, 23),
(131, 38, 3),
(131, 39, 59),
(131, 40, 1),
(131, 41, 64),
(131, 42, 54),
(131, 43, 15),
(131, 44, 30),
(131, 45, 7),
(131, 46, 56),
(133, 1, 100),
(133, 2, 23),
(133, 3, 75),
(133, 4, 28),
(133, 5, 39),
(133, 6, 16),
(133, 7, 93),
(133, 8, 2),
(133, 9, 51),
(133, 10, 94),
(133, 11, 43),
(133, 12, 27),
(133, 74, 23),
(133, 75, 80),
(133, 76, 72),
(134, 27, 67),
(134, 28, 32),
(134, 29, 57),
(134, 30, 44),
(134, 31, 40),
(134, 32, 48),
(134, 33, 27),
(134, 34, 100),
(134, 35, 98),
(134, 36, 24),
(134, 37, 77),
(134, 38, 47),
(134, 39, 90),
(134, 40, 70),
(134, 41, 3),
(134, 42, 2),
(134, 43, 52),
(134, 44, 31),
(134, 45, 2),
(134, 46, 81),
(134, 47, 11),
(134, 48, 82),
(134, 49, 82),
(134, 50, 65),
(134, 51, 13),
(134, 52, 46),
(134, 53, 5),
(134, 54, 75),
(134, 55, 70),
(134, 56, 41),
(134, 57, 49),
(134, 58, 85),
(134, 61, 46),
(135, 38, 94),
(135, 39, 57),
(135, 40, 27),
(135, 41, 16),
(135, 42, 44),
(135, 43, 89),
(135, 44, 8),
(135, 45, 62),
(135, 46, 58),
(135, 47, 9),
(135, 48, 86),
(135, 49, 40),
(135, 50, 19),
(135, 51, 76),
(135, 52, 64),
(135, 53, 93),
(137, 11, 48),
(137, 12, 60),
(137, 13, 80),
(137, 14, 74),
(137, 15, 75),
(137, 16, 90),
(137, 17, 84),
(137, 18, 9),
(138, 1, 47),
(138, 2, 35),
(138, 3, 72),
(138, 4, 53),
(138, 5, 57),
(138, 6, 47),
(138, 7, 38),
(138, 8, 73),
(138, 9, 60),
(138, 10, 70),
(138, 11, 98),
(138, 12, 33),
(138, 13, 88),
(138, 14, 89),
(138, 15, 52),
(138, 16, 61),
(138, 68, 43),
(138, 69, 88),
(138, 70, 80),
(138, 71, 91),
(138, 72, 88),
(138, 73, 27),
(138, 74, 65),
(138, 75, 52),
(138, 76, 80),
(139, 24, 75),
(139, 25, 64),
(139, 26, 62),
(139, 27, 19),
(139, 28, 61),
(139, 29, 89),
(139, 30, 58),
(139, 31, 47),
(139, 32, 96),
(139, 33, 15),
(139, 34, 20),
(139, 35, 59),
(139, 36, 48),
(139, 37, 63),
(139, 38, 90),
(139, 39, 34),
(139, 40, 93),
(139, 41, 38),
(139, 42, 57),
(139, 43, 77),
(139, 44, 57),
(139, 45, 94),
(139, 46, 70),
(139, 47, 23),
(140, 14, 68),
(140, 15, 37),
(140, 16, 49),
(140, 17, 52),
(140, 18, 39),
(140, 19, 36),
(140, 20, 42),
(140, 21, 24),
(140, 22, 1),
(140, 23, 47),
(140, 24, 49),
(140, 25, 16),
(140, 26, 12),
(140, 27, 74),
(140, 28, 5),
(140, 29, 54),
(140, 30, 3),
(140, 31, 11),
(140, 32, 93),
(140, 33, 20),
(140, 34, 33),
(140, 35, 57),
(140, 36, 65),
(140, 37, 93),
(140, 38, 75),
(140, 39, 78),
(140, 40, 86),
(140, 41, 9),
(140, 42, 22),
(140, 43, 76),
(140, 44, 2),
(140, 45, 56),
(140, 46, 20),
(140, 47, 94),
(140, 48, 41),
(141, 19, 42),
(141, 20, 31),
(141, 21, 42),
(141, 22, 90),
(141, 23, 48),
(141, 24, 41),
(141, 25, 51),
(141, 26, 65),
(141, 27, 35),
(141, 28, 59),
(141, 29, 83),
(141, 30, 40),
(141, 31, 24),
(141, 32, 80),
(141, 33, 81),
(141, 34, 92),
(141, 35, 58),
(141, 36, 31),
(141, 37, 94),
(141, 38, 77),
(141, 39, 55),
(141, 40, 15),
(141, 41, 47),
(141, 42, 31),
(141, 43, 83),
(141, 44, 81),
(141, 45, 22),
(141, 46, 9),
(141, 47, 64),
(141, 48, 20),
(141, 49, 81),
(141, 50, 36),
(141, 51, 1),
(142, 1, 23),
(142, 2, 34),
(142, 3, 76),
(142, 4, 99),
(142, 5, 81),
(142, 6, 97),
(142, 7, 2),
(142, 8, 97),
(142, 9, 73),
(142, 10, 83),
(142, 11, 89),
(142, 12, 30),
(142, 13, 21),
(142, 14, 27),
(142, 15, 9),
(142, 16, 36),
(142, 17, 35),
(142, 18, 13),
(142, 19, 95),
(142, 20, 66),
(142, 21, 96),
(142, 22, 100),
(142, 23, 51),
(142, 24, 74),
(142, 25, 74),
(142, 26, 85),
(142, 27, 67),
(142, 28, 38),
(142, 29, 66),
(142, 30, 82),
(142, 74, 95),
(142, 75, 25),
(142, 76, 30),
(143, 5, 60),
(143, 6, 33),
(143, 7, 49),
(143, 8, 64),
(143, 9, 25),
(143, 10, 40),
(143, 11, 48),
(143, 12, 37),
(143, 13, 24),
(143, 14, 20),
(143, 15, 4),
(143, 16, 2),
(143, 17, 52),
(143, 18, 93),
(143, 19, 44),
(143, 20, 39),
(143, 21, 2),
(143, 22, 84),
(143, 23, 68),
(143, 24, 98),
(143, 25, 55),
(143, 26, 61),
(143, 27, 57),
(143, 28, 96),
(143, 29, 90),
(143, 30, 90),
(143, 31, 94),
(143, 32, 38),
(143, 33, 27),
(143, 34, 17),
(143, 35, 21),
(143, 36, 59),
(143, 37, 90),
(144, 7, 97),
(144, 8, 94),
(144, 9, 34),
(144, 10, 65),
(144, 11, 89),
(144, 12, 62),
(144, 13, 20),
(144, 14, 56),
(144, 15, 89),
(144, 16, 64),
(144, 17, 38),
(144, 18, 63),
(144, 19, 14),
(144, 20, 76),
(144, 21, 58),
(144, 22, 53),
(144, 23, 17),
(144, 24, 77),
(144, 25, 55),
(144, 26, 85),
(144, 27, 76),
(144, 28, 58),
(144, 29, 64),
(144, 30, 34),
(144, 31, 22),
(144, 32, 59),
(144, 33, 65),
(144, 34, 45),
(144, 35, 80),
(144, 36, 40),
(144, 37, 87),
(144, 38, 7),
(145, 50, 45),
(145, 51, 55),
(145, 52, 44),
(145, 53, 16),
(145, 54, 99),
(145, 55, 98),
(145, 56, 31),
(145, 57, 35),
(145, 58, 30),
(145, 59, 69),
(145, 60, 53),
(145, 61, 86),
(145, 62, 53),
(145, 63, 3),
(145, 64, 63),
(147, 38, 38),
(147, 39, 4),
(147, 40, 5),
(147, 41, 26),
(147, 42, 41),
(147, 43, 32),
(147, 44, 40),
(147, 45, 91),
(147, 46, 59),
(147, 47, 59),
(147, 48, 40),
(147, 49, 72),
(147, 50, 98),
(147, 51, 25),
(147, 52, 17),
(147, 53, 39),
(147, 54, 23),
(148, 11, 71),
(148, 12, 83),
(148, 13, 69),
(148, 14, 45),
(148, 15, 33),
(148, 16, 66),
(148, 17, 46),
(148, 18, 58),
(148, 19, 83),
(148, 20, 73),
(148, 21, 78),
(148, 22, 26),
(148, 23, 10),
(148, 24, 21),
(148, 25, 72),
(148, 26, 60),
(148, 27, 89),
(148, 28, 67),
(148, 29, 8),
(148, 30, 48),
(148, 31, 62),
(148, 32, 65),
(148, 33, 88),
(148, 34, 17),
(148, 35, 50),
(148, 36, 35),
(148, 37, 2),
(148, 38, 28),
(148, 39, 82),
(148, 40, 70),
(148, 41, 27),
(148, 42, 84),
(148, 43, 54),
(148, 44, 64),
(148, 45, 43),
(148, 46, 70),
(148, 47, 13),
(148, 48, 56),
(149, 17, 63),
(149, 18, 15),
(149, 19, 2),
(149, 20, 8),
(149, 21, 1),
(149, 22, 35),
(149, 23, 69),
(149, 24, 51),
(149, 25, 69),
(149, 26, 66),
(149, 27, 91),
(149, 28, 60),
(149, 29, 43),
(149, 30, 65),
(149, 31, 57),
(149, 32, 100),
(149, 33, 37),
(149, 34, 70),
(149, 35, 8),
(149, 36, 76),
(149, 37, 38),
(149, 38, 2),
(149, 39, 35),
(149, 40, 53),
(149, 41, 61),
(149, 42, 94),
(149, 43, 94),
(149, 44, 90),
(149, 45, 36),
(149, 46, 43),
(149, 47, 56),
(149, 48, 5),
(149, 49, 11),
(149, 50, 81),
(150, 1, 55),
(150, 2, 36),
(150, 3, 40),
(150, 4, 26),
(150, 5, 40),
(150, 51, 88),
(150, 52, 84),
(150, 53, 86),
(150, 54, 6),
(150, 55, 82),
(150, 56, 91),
(150, 57, 21),
(150, 58, 56),
(150, 59, 99),
(150, 60, 64),
(150, 61, 56),
(150, 62, 16),
(150, 63, 49),
(150, 64, 56),
(150, 65, 85),
(150, 66, 40),
(150, 67, 73),
(150, 68, 19),
(150, 69, 9),
(150, 70, 51),
(150, 71, 9),
(150, 72, 27),
(150, 73, 63),
(150, 74, 81),
(150, 75, 67),
(150, 76, 29),
(152, 29, 71),
(152, 30, 15),
(152, 31, 53),
(152, 32, 44),
(152, 33, 95),
(152, 34, 38),
(152, 35, 13),
(152, 36, 97),
(152, 37, 64),
(152, 38, 76),
(152, 39, 93),
(152, 40, 100),
(152, 41, 48),
(152, 42, 71),
(152, 43, 96),
(152, 44, 54),
(152, 45, 26),
(152, 46, 39),
(152, 47, 5),
(152, 48, 14),
(152, 49, 16),
(152, 50, 90),
(152, 51, 24),
(152, 52, 72),
(152, 53, 19),
(152, 54, 69),
(152, 55, 42),
(152, 56, 68),
(152, 57, 2),
(152, 58, 34),
(152, 59, 24),
(152, 60, 16),
(153, 34, 21),
(153, 35, 70),
(153, 36, 32),
(153, 37, 85),
(153, 38, 10),
(153, 39, 2),
(153, 40, 69),
(153, 41, 8),
(153, 42, 61),
(153, 43, 7),
(153, 44, 97),
(153, 45, 9),
(153, 46, 24),
(153, 47, 46),
(153, 48, 26),
(153, 49, 17),
(153, 50, 43),
(153, 51, 91),
(153, 52, 13),
(153, 53, 16),
(153, 54, 94),
(153, 55, 18),
(153, 56, 14),
(153, 57, 91),
(153, 58, 53),
(153, 59, 9),
(153, 60, 63),
(153, 61, 1),
(153, 62, 80),
(153, 63, 88),
(153, 64, 71),
(153, 65, 67),
(153, 66, 36),
(153, 67, 77),
(153, 68, 53),
(153, 69, 100),
(153, 70, 24),
(153, 71, 79),
(153, 72, 81),
(153, 73, 43),
(154, 1, 68),
(154, 2, 19),
(154, 3, 11),
(154, 4, 95),
(154, 5, 79),
(154, 6, 62),
(154, 7, 79),
(154, 8, 24),
(154, 66, 58),
(154, 67, 39),
(154, 68, 1),
(154, 69, 14),
(154, 70, 22),
(154, 71, 31),
(154, 72, 93),
(154, 73, 55),
(154, 74, 72),
(154, 75, 81),
(154, 76, 71),
(157, 69, 72),
(157, 70, 29),
(157, 71, 78),
(157, 72, 13),
(157, 73, 25),
(157, 74, 33),
(157, 75, 94),
(157, 76, 3),
(158, 1, 10),
(158, 2, 34),
(158, 3, 74),
(158, 4, 61),
(158, 5, 50),
(158, 6, 25),
(158, 7, 91),
(158, 8, 64),
(158, 9, 1),
(158, 10, 17),
(158, 59, 52),
(158, 60, 82),
(158, 61, 1),
(158, 62, 6),
(158, 63, 23),
(158, 64, 16),
(158, 65, 74),
(158, 66, 84),
(158, 67, 23),
(158, 68, 46),
(158, 69, 26),
(158, 70, 33),
(158, 71, 89),
(158, 72, 35),
(158, 73, 19),
(158, 74, 97),
(158, 75, 94),
(158, 76, 51),
(161, 30, 81),
(161, 31, 83),
(161, 32, 20),
(161, 33, 24),
(161, 34, 36),
(162, 31, 13),
(162, 32, 36),
(162, 33, 44),
(162, 34, 10),
(162, 35, 88),
(162, 36, 92),
(162, 37, 57),
(164, 51, 5),
(164, 52, 88),
(164, 53, 69),
(164, 54, 84),
(164, 55, 35),
(164, 56, 90),
(164, 57, 20),
(164, 58, 85),
(164, 59, 93),
(164, 60, 55),
(164, 61, 31),
(164, 62, 60),
(164, 63, 68),
(164, 64, 52),
(164, 65, 1),
(164, 66, 93),
(164, 67, 66),
(164, 68, 91),
(164, 69, 6),
(166, 1, 95),
(166, 2, 20),
(166, 3, 14),
(166, 65, 12),
(166, 66, 32),
(166, 67, 15),
(166, 68, 7),
(166, 69, 100),
(166, 70, 31),
(166, 71, 51),
(166, 72, 20),
(166, 73, 23),
(166, 74, 7),
(166, 75, 18),
(166, 76, 62),
(167, 1, 90),
(167, 2, 78),
(167, 3, 46),
(167, 4, 63),
(167, 5, 94),
(167, 6, 26),
(167, 7, 48),
(167, 8, 46),
(167, 9, 6),
(167, 10, 33),
(167, 11, 25),
(167, 12, 53),
(167, 13, 99),
(167, 52, 22),
(167, 53, 66),
(167, 54, 90),
(167, 55, 45),
(167, 56, 13),
(167, 57, 54),
(167, 58, 66),
(167, 59, 17),
(167, 60, 24),
(167, 61, 67),
(167, 62, 16),
(167, 63, 29),
(167, 64, 26),
(167, 65, 73),
(167, 66, 88),
(167, 67, 69),
(167, 68, 62),
(167, 69, 25),
(167, 70, 78),
(167, 71, 82),
(167, 72, 3),
(167, 73, 89),
(167, 74, 49),
(167, 75, 7),
(167, 76, 35),
(168, 1, 96),
(168, 2, 47),
(168, 3, 40),
(168, 4, 16),
(168, 5, 40),
(168, 6, 54),
(168, 7, 21),
(168, 69, 48),
(168, 70, 63),
(168, 71, 22),
(168, 72, 26),
(168, 73, 96),
(168, 74, 85),
(168, 75, 87),
(168, 76, 66),
(169, 1, 77),
(169, 2, 75),
(169, 3, 7),
(169, 4, 57),
(169, 5, 10),
(169, 6, 11),
(169, 7, 21),
(169, 8, 67),
(169, 9, 48),
(169, 10, 20),
(169, 11, 50),
(169, 12, 38),
(169, 13, 86),
(169, 14, 74),
(169, 15, 9),
(169, 16, 30),
(169, 17, 28),
(169, 18, 20),
(169, 19, 81),
(169, 20, 100),
(169, 21, 83),
(169, 22, 83),
(169, 23, 32),
(169, 24, 59),
(169, 25, 100),
(169, 26, 77),
(169, 27, 46),
(169, 28, 57),
(169, 29, 12),
(169, 30, 54),
(169, 31, 95),
(169, 32, 86),
(169, 73, 87),
(169, 74, 46),
(169, 75, 70),
(169, 76, 13),
(171, 60, 23),
(171, 61, 21),
(171, 62, 79),
(171, 63, 16),
(171, 64, 63),
(171, 65, 70),
(171, 66, 54),
(172, 1, 67),
(172, 2, 80),
(172, 56, 60),
(172, 57, 39),
(172, 58, 62),
(172, 59, 7),
(172, 60, 46),
(172, 61, 53),
(172, 62, 30),
(172, 63, 93),
(172, 64, 40),
(172, 65, 37),
(172, 66, 98),
(172, 67, 57),
(172, 68, 75),
(172, 69, 79),
(172, 70, 56),
(172, 71, 56),
(172, 72, 81),
(172, 73, 67),
(172, 74, 95),
(172, 75, 49),
(172, 76, 98),
(173, 3, 18),
(173, 4, 39),
(173, 5, 78),
(173, 6, 78),
(173, 7, 70),
(173, 8, 89),
(173, 9, 41),
(173, 10, 79),
(173, 11, 24),
(173, 12, 78),
(173, 13, 48),
(173, 14, 57),
(173, 15, 14),
(173, 16, 57),
(173, 17, 79),
(173, 18, 82),
(173, 19, 12),
(173, 20, 75),
(173, 21, 19),
(173, 22, 4),
(173, 23, 45),
(173, 24, 99),
(173, 25, 99),
(173, 26, 37),
(173, 27, 57),
(173, 28, 59),
(173, 29, 59),
(173, 30, 63),
(173, 31, 78),
(173, 32, 18),
(174, 54, 30),
(174, 55, 69),
(174, 56, 95),
(174, 57, 6),
(174, 58, 50),
(174, 59, 55),
(174, 60, 28),
(174, 61, 62),
(174, 62, 44),
(174, 63, 12),
(174, 64, 60),
(174, 65, 81),
(174, 66, 65),
(174, 67, 41),
(174, 68, 18),
(174, 69, 91),
(175, 5, 47),
(175, 6, 61),
(175, 7, 52),
(175, 8, 48),
(176, 1, 41),
(176, 2, 71),
(176, 3, 46),
(176, 4, 96),
(176, 5, 14),
(176, 6, 73),
(176, 7, 3),
(176, 8, 54),
(176, 9, 71),
(176, 10, 32),
(176, 67, 84),
(176, 68, 36),
(176, 69, 55),
(176, 70, 99),
(176, 71, 6),
(176, 72, 33),
(176, 73, 97),
(176, 74, 87),
(176, 75, 17),
(176, 76, 98),
(177, 18, 88),
(177, 19, 32),
(177, 20, 36),
(177, 21, 80),
(177, 22, 68),
(177, 23, 62),
(177, 24, 51),
(177, 25, 42),
(177, 26, 90),
(177, 27, 1),
(177, 28, 52),
(177, 29, 16),
(177, 30, 63),
(177, 31, 20),
(177, 32, 3),
(177, 33, 68),
(177, 34, 24),
(177, 35, 19),
(177, 36, 82),
(177, 37, 15),
(177, 38, 45),
(177, 39, 87),
(177, 40, 11),
(177, 41, 54),
(178, 1, 92),
(178, 2, 13),
(178, 3, 41),
(178, 4, 21),
(178, 5, 61),
(178, 6, 99),
(178, 7, 33),
(178, 8, 29),
(178, 9, 13),
(178, 10, 35),
(178, 11, 71),
(178, 12, 100),
(178, 13, 68),
(178, 14, 94),
(178, 60, 5),
(178, 61, 96),
(178, 62, 10),
(178, 63, 26),
(178, 64, 46),
(178, 65, 45),
(178, 66, 66),
(178, 67, 71),
(178, 68, 92),
(178, 69, 89),
(178, 70, 12),
(178, 71, 23),
(178, 72, 96),
(178, 73, 23),
(178, 74, 95),
(178, 75, 41),
(178, 76, 63),
(182, 39, 27),
(182, 40, 3),
(182, 41, 79),
(182, 42, 83),
(182, 43, 45),
(182, 44, 32),
(182, 45, 75),
(182, 46, 82),
(182, 47, 23),
(182, 48, 5),
(182, 49, 59),
(182, 50, 41),
(182, 51, 31),
(182, 52, 45),
(182, 53, 73),
(182, 54, 20),
(182, 55, 52),
(182, 56, 33),
(184, 11, 53),
(184, 12, 100),
(184, 13, 93),
(184, 14, 62),
(184, 15, 81),
(184, 16, 39),
(184, 17, 38),
(184, 18, 64),
(184, 19, 79),
(184, 20, 45),
(184, 21, 36),
(184, 22, 46),
(184, 23, 39),
(184, 24, 81),
(184, 25, 7),
(184, 26, 22),
(184, 27, 65),
(184, 28, 63),
(184, 29, 7),
(184, 30, 7),
(184, 31, 72),
(184, 32, 76),
(184, 33, 86),
(184, 34, 39),
(184, 35, 6),
(184, 36, 17),
(184, 37, 64),
(184, 38, 27),
(184, 39, 88),
(184, 40, 50),
(184, 41, 50),
(184, 42, 37),
(185, 4, 65),
(185, 5, 82),
(185, 6, 9),
(185, 7, 85),
(185, 8, 4),
(185, 9, 58),
(185, 10, 29),
(185, 11, 7),
(185, 12, 18),
(185, 13, 91),
(185, 14, 23),
(185, 15, 70),
(185, 16, 24),
(185, 17, 15),
(185, 18, 46),
(185, 19, 37),
(185, 20, 35),
(185, 21, 73),
(185, 22, 28),
(185, 23, 54),
(185, 24, 19),
(185, 25, 42),
(185, 26, 90),
(185, 27, 89),
(185, 28, 80),
(185, 29, 88),
(185, 30, 91),
(185, 31, 93),
(185, 32, 69),
(185, 33, 40),
(185, 34, 100),
(185, 35, 92),
(185, 36, 15),
(185, 37, 93),
(185, 38, 90),
(188, 63, 34),
(190, 45, 57),
(190, 46, 92),
(190, 47, 67),
(190, 48, 98),
(190, 49, 48),
(190, 50, 17),
(190, 51, 28),
(190, 52, 32),
(190, 53, 24),
(190, 54, 81),
(190, 55, 81),
(190, 56, 66),
(190, 57, 74),
(190, 58, 3),
(190, 59, 22),
(190, 60, 39),
(190, 61, 85),
(190, 62, 4),
(190, 63, 51),
(190, 64, 90),
(190, 65, 51),
(190, 66, 78),
(190, 67, 36),
(192, 7, 99),
(192, 8, 12),
(192, 9, 15),
(192, 10, 93),
(192, 11, 45),
(192, 12, 4),
(192, 13, 78),
(192, 14, 19),
(192, 15, 49),
(192, 16, 65),
(192, 17, 95),
(192, 18, 92),
(192, 19, 79),
(192, 20, 52),
(192, 21, 27),
(192, 22, 39),
(193, 16, 40),
(193, 17, 67),
(193, 18, 77),
(193, 19, 44),
(193, 20, 46),
(193, 21, 45),
(193, 22, 79),
(193, 23, 58),
(193, 24, 68),
(193, 25, 12),
(193, 26, 3),
(193, 27, 33),
(193, 28, 27),
(193, 29, 12),
(194, 52, 56),
(195, 33, 11),
(195, 34, 42),
(195, 35, 69),
(195, 36, 68),
(195, 37, 5),
(195, 38, 88),
(195, 39, 74),
(195, 40, 56),
(195, 41, 58),
(195, 42, 100),
(195, 43, 47),
(195, 44, 37),
(195, 45, 39),
(195, 46, 5),
(195, 47, 13),
(195, 48, 15),
(195, 49, 96),
(195, 50, 88),
(195, 51, 26),
(195, 52, 16),
(197, 43, 68),
(197, 44, 69),
(198, 23, 90),
(198, 24, 5),
(198, 25, 47),
(198, 26, 52),
(198, 27, 65),
(198, 28, 85),
(198, 29, 18),
(198, 30, 31),
(198, 31, 73),
(198, 32, 50),
(198, 33, 79),
(198, 34, 5),
(198, 35, 8),
(198, 36, 100),
(200, 22, 11),
(200, 23, 92),
(200, 24, 26),
(200, 25, 88),
(200, 26, 29),
(200, 27, 72),
(200, 28, 19),
(200, 29, 43),
(200, 30, 93),
(200, 31, 19),
(200, 32, 79),
(200, 33, 84),
(200, 34, 34),
(200, 35, 29),
(200, 36, 77),
(200, 37, 28),
(200, 38, 8),
(200, 39, 12),
(200, 40, 40),
(200, 41, 30),
(200, 42, 58),
(200, 43, 20),
(200, 44, 66),
(200, 45, 21),
(200, 46, 96),
(200, 47, 99),
(200, 48, 77),
(200, 49, 74),
(200, 50, 10),
(200, 51, 64),
(200, 52, 81),
(200, 53, 91),
(200, 54, 100),
(200, 55, 2),
(200, 56, 73);

-- --------------------------------------------------------

--
-- Structure de la table `client`
--

DROP TABLE IF EXISTS `client`;
CREATE TABLE IF NOT EXISTS `client` (
  `num_cli` int(11) DEFAULT NULL,
  `nom_cli` varchar(50) DEFAULT NULL,
  `adresse_cli` varchar(50) DEFAULT NULL,
  `ville_cli` varchar(50) DEFAULT NULL,
  `codepostal_cli` varchar(50) DEFAULT NULL,
  `tel_cli` varchar(50) DEFAULT NULL
) ENGINE=MyISAM DEFAULT CHARSET=utf8;

--
-- Déchargement des données de la table `client`
--

INSERT INTO `client` (`num_cli`, `nom_cli`, `adresse_cli`, `ville_cli`, `codepostal_cli`, `tel_cli`) VALUES
(1, 'Save-a-lot Markets', 'South House', 'London', 'SW7 1RZ', '(95) 555 82 82'),
(2, 'The Cracker Box', 'Obere Str. 57', 'Berlin', '12209', '(208) 555-8097'),
(3, 'Around the Horn', '1 rue Alsace-Lorraine', 'Toulouse', '31000', '2967 542'),
(5, 'North/South', '89 Jefferson Way', 'Portland', '97201', '(8) 34-56-12'),
(6, 'Godos', 'Alameda dos Canàrios, 891', 'São Paulo', '05487-020', '(1) 354-2534'),
(8, 'FISSA Fabrica Inter. Salchichas S.A.', 'Erling Skakkes gate 78', 'Stavern', '4110', '(71) 555-7733'),
(10, 'Bottom-Dollar Markets', '23 Tsawassen Blvd.', 'Tsawassen', 'T2F 8M4', '(71) 555-7788'),
(12, 'La corne d\'abondance', 'Jardim das rosas n. 32', 'Lisboa', '1675', '(505) 555-5939'),
(13, 'La maison d\'Asie', '1 rue Alsace-Lorraine', 'Toulouse', '31000', '0372-035188'),
(14, 'Ernst Handel', '67, rue des Cinquante Otages', 'Nantes', '44000', '(9) 331-6954'),
(15, 'Wolski  Zajazd', '54, rue Royale', 'Nantes', '44000', '(93) 203 4560'),
(17, 'Ottilies Käseladen', 'Erling Skakkes gate 78', 'Stavern', '4110', '(5) 555-4729'),
(19, 'Mère Paillarde', 'Carrera 52 con Ave. Bolívar #65-98 Llano Largo', 'Barquisimeto', '3508', '011-4988260'),
(20, 'Berglunds snabbköp', 'Åkergatan 24', 'Bräcke', 'S-844 67', '0555-09876'),
(21, 'Hungry Coyote Import Store', 'Via Ludovico il Moro 22', 'Bergamo', '24100', '089-0877310'),
(22, 'QUICK-Stop', 'Ing. Gustavo Moncada 8585', 'Buenos Aires', '1010', '0522-556721'),
(23, 'Mère Paillarde', 'Maubelstr. 90', 'Brandenburg', '14776', '(9) 331-6954'),
(24, 'Suprêmes délices', 'Estrada da saúde n. 58', 'Lisboa', '1756', '(11) 555-9857'),
(26, 'Océano Atlántico Ltda.', 'Strada Provinciale 124', 'Reggio Emilia', '42100', '(91) 555 22 82'),
(27, 'Eastern Connection', 'Grenzacherweg 237', 'Genève', '1203', '(11) 555-7647'),
(29, 'La corne d\'abondance', 'Carrera 52 con Ave. Bolívar #65-98 Llano Largo', 'Barquisimeto', '3508', '(2) 283-2951'),
(30, 'Bon app\'', 'Geislweg 14', 'Salzburg', '5020', '91.24.45.40'),
(31, 'Lehmanns Marktstand', 'Via Monte Bianco 34', 'Torino', '10100', '011-4988260'),
(32, 'Richter Supermarkt', 'Berliner Platz 43', 'München', '80805', '(503) 555-7555'),
(33, 'Toms Spezialitäten', 'C/ Romero, 33', 'Sevilla', '41101', '089-0877310'),
(34, 'Hanari Carnes', '120 Hanover Sq.', 'London', 'WA1 1DP', '981-443655'),
(35, 'Piccolo', 'Boulevard Tirou, 255', 'Charleroi', 'B-6000', '(1) 135-5333'),
(36, 'Bólido Comidas preparadas', 'Av. del Libertador 900', 'Buenos Aires', '1010', '(71) 555-1212'),
(40, 'Vaffeljernet', 'Av. Copacabana, 267', 'Rio de Janeiro', '02389-890', '(21) 555-0091'),
(41, 'Maison Dewey', '1 rue Alsace-Lorraine', 'Toulouse', '31000', '(604) 555-3392'),
(42, 'Océano Atlántico Ltda.', '722 DaVinci Blvd.', 'Kirkland', '98034', '(514) 555-8054'),
(43, 'Folies gourmandes', 'Alameda dos Canàrios, 891', 'São Paulo', '05487-020', '(206) 555-4112'),
(44, 'Hungry Owl All-Night Grocers', 'C/ Romero, 33', 'Sevilla', '41101', '(71) 555-7733'),
(45, 'FISSA Fabrica Inter. Salchichas S.A.', 'Geislweg 14', 'Salzburg', '5020', '(503) 555-9573'),
(46, 'Eastern Connection', 'Gran Vía, 1', 'Madrid', '28001', '(406) 555-5834'),
(47, 'Consolidated Holdings', 'Av. Inês de Castro, 414', 'São Paulo', '05634-030', '0621-08460'),
(48, 'Blauer See Delikatessen', 'Avda. Azteca 123', 'México D.F.', '05033', '(1) 135-5555'),
(49, 'B\'s Beverages', 'Walserweg 21', 'Aachen', '52066', '(71) 555-7733'),
(50, 'Ottilies Käseladen', 'Rua Orós, 92', 'São Paulo', '05442-030', '(307) 555-4680'),
(51, 'La corne d\'abondance', 'ul. Filtrowa 68', 'Warszawa', '01-012', '(1) 123-5555'),
(52, 'Seven Seas Imports', 'Obere Str. 57', 'Berlin', '12209', '011-4988260'),
(54, 'Franchi S.p.A.', 'City Center Plaza', 'Elgin', '97827', '(1) 135-5555'),
(55, 'Rattlesnake Canyon Grocery', 'Carrera 22 con Ave. Carlos Soublette #8-35', 'San Cristóbal', '5022', '88.60.15.31'),
(57, 'Familia Arquibaldo', 'Garden House', 'Cowes', 'PO31 7PJ', '(02) 201 24 67'),
(58, 'Chop-suey Chinese', 'Heerstr. 22', 'Leipzig', '04179', '(26) 642-7012'),
(59, 'Reggiani Caseifici', 'Magazinweg 7', 'Frankfurt a.M. ', '60528', '(071) 23 67 22 20'),
(60, 'Santé Gourmet', 'Rue Joseph-Bens 532', 'Bruxelles', 'B-1180', '(503) 555-7555'),
(61, 'Toms Spezialitäten', 'Berguvsvägen  8', 'Luleå', 'S-958 22', '(5) 555-2933'),
(63, 'Wellington Importadora', '1900 Oak St.', 'Vancouver', 'V3F 2K1', '(5) 555-2933'),
(64, 'Santé Gourmet', '67, avenue de l\'Europe', 'Versailles', '78000', '(71) 555-2282'),
(65, 'Mère Paillarde', '1 rue Alsace-Lorraine', 'Toulouse', '31000', '(1) 123-5555'),
(66, 'Vins et alcools Chevalier', 'Rue Joseph-Bens 532', 'Bruxelles', 'B-1180', '2967 542'),
(67, 'Great Lakes Food Market', '89 Jefferson Way', 'Portland', '97201', '20.16.10.16'),
(68, 'Wellington Importadora', 'Rua da Panificadora, 12', 'Rio de Janeiro', '02389-673', '0711-020361'),
(71, 'Spécialités du monde', '2, rue du Commerce', 'Lyon', '69004', '30.59.84.10'),
(72, 'Tradição Hipermercados', '25, rue Lauriston', 'Paris', '75016', '61.77.61.10'),
(73, 'Hanari Carnes', '187 Suffolk Ln.', 'Boise', '83720', '(11) 555-7647'),
(76, 'Folk och fä HB', 'Adenauerallee 900', 'Stuttgart', '70563', '(071) 23 67 22 20'),
(77, 'Folk och fä HB', 'Garden House', 'Cowes', 'PO31 7PJ', '011-4988260'),
(78, 'Pericles Comidas clásicas', 'Rua Orós, 92', 'São Paulo', '05442-030', '(71) 555-1212'),
(79, 'Rattlesnake Canyon Grocery', 'Keskuskatu 45', 'Helsinki', '21240', '26.47.15.10'),
(80, 'Lehmanns Marktstand', 'Via Ludovico il Moro 22', 'Bergamo', '24100', '(198) 555-8888'),
(81, 'Eastern Connection', '2732 Baker Blvd.', 'Eugene', '97403', '(11) 555-1189'),
(82, 'Bottom-Dollar Markets', 'Kirchgasse 6', 'Graz', '8010', '40.67.88.88'),
(84, 'Suprêmes délices', 'Keskuskatu 45', 'Helsinki', '21240', '(604) 555-4729'),
(86, 'Wellington Importadora', 'Calle Dr. Jorge Cash 321', 'México D.F.', '05033', '40.32.21.21'),
(87, 'Ana Trujillo Emparedados y helados', 'Smagsløget 45', 'Århus', '8200', '(2) 283-2951'),
(88, 'Let\'s Stop N Shop', 'Mehrheimerstr. 369', 'Köln', '50739', '7675-3425'),
(89, 'Ernst Handel', 'City Center Plaza', 'Elgin', '97827', '(71) 555-7733'),
(90, 'Laughing Bacchus Wine Cellars', '265, boulevard Charonne', 'Paris', '75012', '7675-3425'),
(93, 'Alfreds Futterkiste', 'Rua do Paço, 67', 'Rio de Janeiro', '05454-876', '(71) 555-1212'),
(94, 'Galería del gastrónomo', '67, avenue de l\'Europe', 'Versailles', '78000', '(93) 203 4560'),
(95, 'Tradição Hipermercados', 'Av. Brasil, 442', 'Campinas', '04876-786', '78.32.54.86'),
(97, 'Rattlesnake Canyon Grocery', 'Heerstr. 22', 'Leipzig', '04179', '(307) 555-4680'),
(98, 'LILA-Supermercado', 'ul. Filtrowa 68', 'Warszawa', '01-012', '(206) 555-4112'),
(100, 'Suprêmes délices', 'Calle Dr. Jorge Cash 321', 'México D.F.', '05033', '(514) 555-8054'),
(101, 'Tortuga Restaurante', 'Adenauerallee 900', 'Stuttgart', '70563', '61.77.61.10'),
(102, 'Blondel père et fils', '87 Polk St.', 'San Francisco', '94117', '61.77.61.10'),
(104, 'Bon app\'', '67, rue des Cinquante Otages', 'Nantes', '44000', '(11) 555-7647'),
(105, 'Laughing Bacchus Wine Cellars', '2743 Bering St.', 'Anchorage', '99508', '(71) 555-7788'),
(106, 'La corne d\'abondance', 'Berguvsvägen  8', 'Luleå', 'S-958 22', '0342-023176'),
(107, 'Princesa Isabel Vinhos', '5ª Ave. Los Palos Grandes', 'Caracas', '1081', '(5) 552-3745'),
(108, 'Lazy K Kountry Store', 'Vinbæltet 34', 'København', '1734', '0695-34 67 21'),
(110, 'Antonio Moreno Taquería', 'Avda. Azteca 123', 'México D.F.', '05033', '(1) 356-5634'),
(113, 'Pericles Comidas clásicas', 'Av. Inês de Castro, 414', 'São Paulo', '05634-030', '0221-0644327'),
(114, 'Gourmet Lanchonetes', '1 rue Alsace-Lorraine', 'Toulouse', '31000', '(415) 555-5938'),
(115, 'Great Lakes Food Market', NULL, 'Strasbourg', '67000', '(503) 555-3612'),
(116, 'Pericles Comidas clásicas', '2817 Milton Dr.', 'Albuquerque', '87110', '(5) 555-2933'),
(117, 'Seven Seas Imports', 'Erling Skakkes gate 78', 'Stavern', '4110', '(406) 555-5834'),
(118, 'Blondel père et fils', 'Berliner Platz 43', 'München', '80805', '(91) 555 94 44'),
(119, 'Du monde entier', '184, chaussée de Tournai', 'Lille', '59000', '089-0877310'),
(120, 'Seven Seas Imports', 'Av. Copacabana, 267', 'Rio de Janeiro', '02389-890', '(11) 555-9482'),
(121, 'Vaffeljernet', '90 Wadhurst Rd.', 'London', 'OX15 4NB', '(5) 555-1340'),
(122, 'Old World Delicatessen', 'Carrera 22 con Ave. Carlos Soublette #8-35', 'San Cristóbal', '5022', '0372-035188'),
(123, 'Chop-suey Chinese', 'Forsterstr. 57', 'Mannheim', '68306', '(1) 123-5555'),
(124, 'Laughing Bacchus Wine Cellars', '67, rue des Cinquante Otages', 'Nantes', '44000', '(503) 555-3612'),
(125, 'Island Trading', '89 Chiaroscuro Rd.', 'Portland', '97219', '(5) 555-3932'),
(126, 'Rattlesnake Canyon Grocery', 'Keskuskatu 45', 'Helsinki', '21240', '(604) 555-3392'),
(127, 'The Big Cheese', 'City Center Plaza', 'Elgin', '97827', '069-0245984'),
(128, 'Seven Seas Imports', '43 rue St. Laurent', 'Montréal', 'H1J 1C3', '(91) 555 22 82'),
(130, 'Great Lakes Food Market', 'Avda. Azteca 123', 'México D.F.', '05033', '88.60.15.31'),
(131, 'Magazzini Alimentari Riuniti', '87 Polk St.', 'San Francisco', '94117', '(503) 555-7555'),
(133, 'Vaffeljernet', '2743 Bering St.', 'Anchorage', '99508', '(26) 642-7012'),
(134, 'Great Lakes Food Market', 'Estrada da saúde n. 58', 'Lisboa', '1756', '(71) 555-1717'),
(135, 'Romero y tomillo', 'Boulevard Tirou, 255', 'Charleroi', 'B-6000', '(514) 555-8054'),
(137, 'Morgenstern Gesundkost', 'Calle Dr. Jorge Cash 321', 'México D.F.', '05033', '(198) 555-8888'),
(138, 'Centro comercial Moctezuma', 'Strada Provinciale 124', 'Reggio Emilia', '42100', '2967 542'),
(139, 'Bon app\'', 'Alameda dos Canàrios, 891', 'São Paulo', '05487-020', '(604) 555-3392'),
(140, 'GROSELLA-Restaurante', 'Erling Skakkes gate 78', 'Stavern', '4110', '(206) 555-4112'),
(141, 'Around the Horn', 'Carrera 52 con Ave. Bolívar #65-98 Llano Largo', 'Barquisimeto', '3508', '86 21 32 43'),
(142, 'Familia Arquibaldo', 'Ave. 5 de Mayo Porlamar', 'I. de Margarita', '4980', '61.77.61.10'),
(143, 'LILA-Supermercado', 'Carrera 22 con Ave. Carlos Soublette #8-35', 'San Cristóbal', '5022', '(1) 135-5333'),
(144, 'Océano Atlántico Ltda.', 'Taucherstraße 10', 'Cunewalde', '01307', '40.32.21.21'),
(145, 'Berglunds snabbköp', 'Via Monte Bianco 34', 'Torino', '10100', '(505) 555-5939'),
(147, 'Laughing Bacchus Wine Cellars', 'Alameda dos Canàrios, 891', 'São Paulo', '05487-020', '6562-9722'),
(148, 'Princesa Isabel Vinhos', '24, place Kléber', 'Strasbourg', '67000', '0695-34 67 21'),
(149, 'La corne d\'abondance', 'Calle Dr. Jorge Cash 321', 'México D.F.', '05033', '90-224 8858'),
(150, 'North/South', 'Maubelstr. 90', 'Brandenburg', '14776', '(71) 555-2282'),
(152, 'Centro comercial Moctezuma', NULL, 'Paris', '75012', '07-98 92 35'),
(153, 'Vins et alcools Chevalier', '12, rue des Bouchers', 'Marseille', '13008', '011-4988260'),
(154, 'Richter Supermarkt', '67, avenue de l\'Europe', 'Versailles', '78000', '78.32.54.86'),
(157, 'Comércio Mineiro', 'Av. del Libertador 900', 'Buenos Aires', '1010', '2967 542'),
(158, 'Berglunds snabbköp', '43 rue St. Laurent', 'Montréal', 'H1J 1C3', '(415) 555-5938'),
(161, 'Galería del gastrónomo', 'City Center Plaza', 'Elgin', '97827', '20.16.10.16'),
(162, 'Piccolo und mehr', 'Erling Skakkes gate 78', 'Stavern', '4110', '(5) 552-3745'),
(164, 'La maison d\'Asie', 'Taucherstraße 10', 'Cunewalde', '01307', '(5) 555-3392'),
(166, 'Rattlesnake Canyon Grocery', '25, rue Lauriston', 'Paris', '75016', '(91) 555 22 82'),
(167, 'Maison Dewey', 'Calle Dr. Jorge Cash 321', 'México D.F.', '05033', '(71) 555-1212'),
(168, 'Chop-suey Chinese', 'Av. Brasil, 442', 'Campinas', '04876-786', '011-4988260'),
(169, 'Laughing Bacchus Wine Cellars', 'Ave. 5 de Mayo Porlamar', 'I. de Margarita', '4980', '069-0245984'),
(171, 'Mère Paillarde', '67, avenue de l\'Europe', 'Versailles', '78000', '(1) 123-5555'),
(172, 'Hungry Coyote Import Store', '2743 Bering St.', 'Anchorage', '99508', '(1) 356-5634'),
(173, 'Island Trading', 'Berguvsvägen  8', 'Luleå', 'S-958 22', '0452-076545'),
(174, 'Suprêmes délices', '54, rue Royale', 'Nantes', '44000', '(91) 745 6200'),
(175, 'Vins et alcools Chevalier', 'Heerstr. 22', 'Leipzig', '04179', '0342-023176'),
(176, 'Blauer See Delikatessen', 'Taucherstraße 10', 'Cunewalde', '01307', '0897-034214'),
(177, 'La corne d\'abondance', 'Garden House', 'Cowes', 'PO31 7PJ', '(11) 555-7647'),
(178, 'La corne d\'abondance', 'Rua da Panificadora, 12', 'Rio de Janeiro', '02389-673', '(1) 135-5555'),
(182, 'Wilman Kala', 'Mataderos  2312', 'México D.F.', '05023', '0695-34 67 21'),
(184, 'Princesa Isabel Vinhos', '2743 Bering St.', 'Anchorage', '99508', '(503) 555-3612'),
(185, 'Blauer See Delikatessen', 'Av. dos Lusíadas, 23', 'São Paulo', '05432-043', '(907) 555-7584'),
(188, 'Victuailles en stock', 'Smagsløget 45', 'Århus', '8200', '0522-556721'),
(190, 'Consolidated Holdings', 'Berliner Platz 43', 'München', '80805', '(71) 555-7733'),
(192, 'Suprêmes délices', NULL, 'Paris', '75012', '(5) 555-3932'),
(193, 'Hungry Coyote Import Store', '1900 Oak St.', 'Vancouver', 'V3F 2K1', '40.67.88.88'),
(194, 'Lazy K Kountry Store', 'Av. dos Lusíadas, 23', 'São Paulo', '05432-043', '0921-12 34 65'),
(195, 'Tradição Hipermercados', '187 Suffolk Ln.', 'Boise', '83720', '981-443655'),
(197, 'Maison Dewey', '305 - 14th Ave. S.', 'Seattle', '98128', '(206) 555-8257'),
(198, 'Simons bistro', 'Keskuskatu 45', 'Helsinki', '21240', '(21) 555-3412'),
(200, 'Spécialités du monde', NULL, 'Paris', '75012', '(8) 34-56-12');

-- --------------------------------------------------------

--
-- Structure de la table `produits`
--

DROP TABLE IF EXISTS `produits`;
CREATE TABLE IF NOT EXISTS `produits` (
  `ref_produit` int(11) NOT NULL,
  `nom_produit` varchar(40) DEFAULT NULL,
  `quantite_par_ unite` mediumtext DEFAULT NULL,
  `pu` decimal(7,2) DEFAULT NULL
) ENGINE=MyISAM DEFAULT CHARSET=utf8;

--
-- Déchargement des données de la table `produits`
--

INSERT INTO `produits` (`ref_produit`, `nom_produit`, `quantite_par_ unite`, `pu`) VALUES
(1, 'Chai', '10 boîtes x 20 sacs', '90.00'),
(2, 'Chang', '24 bouteilles (1 litre)', '95.00'),
(3, 'Aniseed Syrup', '12 bouteilles (550 ml)', '50.00'),
(4, 'Chef Anton\'s Cajun Seasoning', '48 pots (6 onces)', '110.00'),
(5, 'Chef Anton\'s Gumbo Mix', '36 boîtes', '106.75'),
(6, 'Grandma\'s Boysenberry Spread', '12 pots (8 onces)', '125.00'),
(7, 'Uncle Bob\'s Organic Dried Pears', '12 cartons (1 kg)', '150.00'),
(8, 'Northwoods Cranberry Sauce', '12 pots (12 onces)', '200.00'),
(9, 'Mishi Kobe Niku', '18 cartons (500 g)', '485.00'),
(10, 'Ikura', '12 pots (200 g)', '155.00'),
(11, 'Queso Cabrales', '1 carton (1 kg)', '105.00'),
(12, 'Queso Manchego La Pastora', '10 cartons (500 g)', '190.00'),
(13, 'Konbu', '1 boîtes (2 kg)', '30.00'),
(14, 'Tofu', '40 cartons (100 g)', '116.25'),
(15, 'Genen Shouyu', '24 bouteilles (250 ml)', '77.50'),
(16, 'Pavlova', '32 boîtes (500 g)', '87.25'),
(17, 'Alice Mutton', '20 boîtes (1 kg)', '195.00'),
(18, 'Carnarvon Tigers', '1 carton (16 kg)', '312.50'),
(19, 'Teatime Chocolate Biscuits', '10 boîtes x 12 pièces', '46.00'),
(20, 'Sir Rodney\'s Marmalade', '30 boîtes', '405.00'),
(21, 'Sir Rodney\'s Scones', '24 cartons x 4 pièces', '50.00'),
(22, 'Gustaf\'s Knäckebröd', '24 cartons (500 g)', '105.00'),
(23, 'Tunnbröd', '12 cartons (250 g)', '45.00'),
(24, 'Guaraná Fantástica', '12 canettes (355 ml)', '22.50'),
(25, 'NuNuCa Nuß-Nougat-Creme', '20 verres (450 g)', '70.00'),
(26, 'Gumbär Gummibärchen', '100 sacs (250 g)', '156.15'),
(27, 'Schoggi Schokolade', '100 pièces (100 g)', '219.50'),
(28, 'Rössle Sauerkraut', '25 canettes (825 g)', '228.00'),
(29, 'Thüringer Rostbratwurst', '50 sacs x 30 saucisses', '618.95'),
(30, 'Nord-Ost Matjeshering', '10 verres (200 g)', '129.45'),
(31, 'Gorgonzola', '12 cartons (100 g)', '62.50'),
(32, 'Mascarpone Fabioli', '24 cartons (200 g)', '160.00'),
(33, 'Geitost', '1 carton (500 g)', '12.50'),
(34, 'Sasquatch Ale', '24 bouteilles (70 cl)', '70.00'),
(35, 'Steeleye Stout', '24 bouteilles (1 litre)', '90.00'),
(36, 'Inlagd Sill', '24 pots (250 g)', '95.00'),
(37, 'Gravad lax', '12 cartons (500 g)', '130.00'),
(38, 'Côte de Blaye', '12 bouteilles (75 cl)', '1317.50'),
(39, 'Chartreuse verte', '1 bouteille (750 cc)', '90.00'),
(40, 'Boston Crab', '24 boîtes (4 onces)', '92.00'),
(41, 'Jack\'s New England Clam Chowder', '12 canettes (330 ml)', '48.25'),
(42, 'Singaporean Hokkien Fried Mee', '32 cartons (1 kg)', '70.00'),
(43, 'Ipoh Coffee', '16 boîtes (500 g)', '230.00'),
(44, 'Gula Malacca', '20 cartons (2 kg)', '97.25'),
(45, 'Røgede sild', '1 carton (1kg)', '47.50'),
(46, 'Spegesild', '4 boîtes (250 g)', '60.00'),
(47, 'Zaanse koeken', '10 boîtes (4 onces)', '47.50'),
(48, 'Chocolade', '10 cartons', '63.75'),
(49, 'Maxilaku', '24 cartons (50 g)', '100.00'),
(50, 'Valkoinen suklaa', '12 plaquettes (100 g)', '81.25'),
(51, 'Manjimup Dried Apples', '50 cartons (300 g)', '265.00'),
(52, 'Filo Mix', '16 boîtes (2 kg)', '35.00'),
(53, 'Perth Pasties', '48 pièces', '164.00'),
(54, 'Tourtière', '16 tartes', '37.25'),
(55, 'Pâté chinois', '24 boîtes x 2 tartes', '120.00'),
(56, 'Gnocchi di nonna Alice', '24 cartons (250 g)', '190.00'),
(57, 'Ravioli Angelo', '24 cartons (250 g)', '97.50'),
(58, 'Escargots de Bourgogne', '24 pièces', '66.25'),
(59, 'Raclette Courdavault', '1 carton (5 kg)', '275.00'),
(60, 'Camembert Pierrot', '15 unités (300 g)', '170.00'),
(61, 'Sirop d\'érable', '24 bouteilles (500 ml)', '142.50'),
(62, 'Tarte au sucre', '48 tartes', '246.50'),
(63, 'Vegie-spread', '15 pots (625 g)', '219.50'),
(64, 'Wimmers gute Semmelknödel', '20 sacs x 4 pièces', '166.25'),
(65, 'Louisiana Fiery Hot Pepper Sauce', '32 bouteilles (8 onces)', '105.25'),
(66, 'Louisiana Hot Spiced Okra', '24 pots (8 onces)', '85.00'),
(67, 'Laughing Lumberjack Lager', '24 bouteilles (12 onces)', '70.00'),
(68, 'Scottish Longbreads', '10 sacs x 8 pièces', '62.50'),
(69, 'Gudbrandsdalsost', '1 carton (10 kg)', '180.00'),
(70, 'Outback Lager', '24 bouteilles (355 ml)', '75.00'),
(71, 'Fløtemysost', '10 cartons (500 g)', '107.50'),
(72, 'Mozzarella di Giovanni', '24 cartons (200 g)', '174.00'),
(73, 'Röd Kaviar', '24 pots (150 g)', '75.00'),
(74, 'Longlife Tofu', '1 carton (5 kg)', '50.00'),
(75, 'Rhönbräu Klosterbier', '24 bouteilles (0,5 litre)', '38.75'),
(76, 'Lakkalikööri', '1 bouteille (500 ml)', '90.00'),
(77, 'Original Frankfurter grüne Soße', '12 boîtes', '65.00');
COMMIT;

/*!40101 SET CHARACTER_SET_CLIENT=@OLD_CHARACTER_SET_CLIENT */;
/*!40101 SET CHARACTER_SET_RESULTS=@OLD_CHARACTER_SET_RESULTS */;
/*!40101 SET COLLATION_CONNECTION=@OLD_COLLATION_CONNECTION */;
